,event country,reporting country,Death num,Neighbor,Asia,Europe,Africa,Oceania,North America,South America,Antarctica,Continent sim,GDP(high),GDP(low-low),GDP(high-high),GDP(low-high),GDP(high-low),Gini Index(high),Gini Index(low-low),Gini Index(high-high),Gini Index(low-high),Gini Index(high-low),Democracy index(high),Democracy index(low-low),Democracy index(high-high),Democracy index(low-high),Democracy index(high-low),Diplomatic Relation,Investment,Trade,Immigration,Same language
0,ALB,ARG,0.0,0,0,1,0,0,0,0,0,0,0,0,0,0,0,0,0,0,0,0,1,0,1,0,0,0.0,0.0,6254000.0,0.0,0
1,ALB,COL,0.0,0,0,1,0,0,0,0,0,0,0,0,0,0,0,0,0,0,0,0,1,0,1,0,0,0.0,0.0,878616.0,0.0,0
2,ALB,MEX,0.0,0,0,1,0,0,0,0,0,0,0,0,0,0,0,0,0,0,0,0,1,0,1,0,0,0.0,0.0,9471315.0,0.0,0
3,ALB,ESP,0.0,0,0,1,0,0,0,0,0,1,0,0,0,0,0,0,0,0,0,0,1,0,1,0,0,6.0,0.0,238806741.0,0.0,0
4,DZA,ARG,0.0,0,0,0,1,0,0,0,0,0,0,0,0,0,0,0,0,0,0,0,0,0,0,0,0,6.0,0.0,1125690214.0,0.0,0
5,DZA,COL,0.0,0,0,0,1,0,0,0,0,0,0,0,0,0,0,0,0,0,0,0,0,0,0,0,0,6.0,0.0,3677841.0,0.0,0
6,DZA,MEX,0.0,0,0,0,1,0,0,0,0,0,0,0,0,0,0,0,0,0,0,0,0,0,0,0,0,6.0,0.0,169254000.0,0.0,0
7,DZA,ESP,0.0,0,0,0,1,0,0,0,0,0,0,0,0,0,0,0,0,0,0,0,0,0,0,0,0,6.0,0.0,5175611032.0,0.0,0
8,AGO,ARG,0.0,0,0,0,1,0,0,0,0,0,0,0,0,0,0,1,0,1,0,0,0,0,0,0,0,6.0,0.0,38286704.0,0.0,0
9,AGO,COL,0.0,0,0,0,1,0,0,0,0,0,0,0,0,0,0,1,0,1,0,0,0,0,0,0,0,0.0,0.0,891318.0,0.0,0
10,AGO,MEX,0.0,0,0,0,1,0,0,0,0,0,0,0,0,0,0,1,0,1,0,0,0,0,0,0,0,6.0,0.0,8818368.0,0.0,0
11,AGO,ESP,3.4339872044851463,0,0,0,1,0,0,0,0,0,0,0,0,0,0,1,0,1,0,0,0,0,0,0,0,6.0,0.0,621722974.0,0.0,0
12,ARG,COL,0.0,0,0,0,0,0,0,1,0,1,0,0,0,0,0,1,0,1,0,0,1,0,1,0,0,4.0,0.267042028728644,797755174.0,0.0,1
13,ARG,MEX,0.0,0,0,0,0,0,0,1,0,0,0,0,0,0,0,1,0,1,0,0,1,0,1,0,0,6.0,927.623516904207,1738033000.0,0.0,1
14,ARG,ESP,0.0,0,0,0,0,0,0,1,0,0,0,0,0,0,0,1,0,1,0,0,1,0,1,0,0,6.0,1322.88311696264,1883611753.0,0.0,1
15,ARM,ARG,0.0,0,1,0,0,0,0,0,0,0,0,0,0,0,0,0,0,0,0,0,1,0,1,0,0,4.0,0.0,0.0,0.0,0
16,ARM,COL,0.0,0,1,0,0,0,0,0,0,0,0,0,0,0,0,0,0,0,0,0,1,0,1,0,0,0.0,0.0,0.0,0.0,0
17,ARM,MEX,0.0,0,1,0,0,0,0,0,0,0,0,0,0,0,0,0,0,0,0,0,1,0,1,0,0,6.0,0.0,0.0,0.0,0
18,ARM,ESP,0.0,0,1,0,0,0,0,0,0,0,0,0,0,0,0,0,0,0,0,0,1,0,1,0,0,6.0,0.0,0.0,0.0,0
19,AUS,ARG,2.874543584449042,0,0,0,0,1,0,0,0,0,1,0,0,0,1,0,0,0,0,0,1,0,1,0,0,4.0,68.2838177714371,1172833997.0,0.0,0
20,AUS,COL,2.228203909222642,0,0,0,0,1,0,0,0,0,1,0,0,0,1,0,0,0,0,0,1,0,1,0,0,6.0,21.8711239317999,242491273.0,0.0,0
21,AUS,MEX,2.661486050377435,0,0,0,0,1,0,0,0,0,1,0,1,0,0,0,0,0,0,0,1,0,1,0,0,6.0,138.094943590239,3428503721.0,0.0,0
22,AUS,ESP,2.268600138924293,0,0,0,0,1,0,0,0,0,1,0,1,0,0,0,0,0,0,0,1,0,1,0,0,6.0,422.675055235127,3456450319.0,0.0,0
23,AUT,ARG,0.0,0,0,1,0,0,0,0,0,0,0,0,0,0,0,0,0,0,0,0,1,0,1,0,0,6.0,1.01797070116675,132031816.0,0.0,0
24,AUT,COL,0.0,0,0,1,0,0,0,0,0,0,0,0,0,0,0,0,0,0,0,0,1,0,1,0,0,6.0,45.6532737920974,109093398.0,0.0,0
25,AUT,MEX,0.0,0,0,1,0,0,0,0,0,0,0,0,0,0,0,0,0,0,0,0,1,0,1,0,0,6.0,29.4533637310885,3106110168.0,0.0,0
26,AUT,ESP,0.0,0,0,1,0,0,0,0,0,1,0,0,0,0,0,0,0,0,0,0,1,0,1,0,0,6.0,1620.88214190219,4898435382.0,0.0,0
27,AZE,ARG,0.0,0,1,0,0,0,0,0,0,0,0,0,0,0,0,0,0,0,0,0,0,0,0,0,0,6.0,0.0,0.0,0.0,0
28,AZE,COL,0.0,0,1,0,0,0,0,0,0,0,0,0,0,0,0,0,0,0,0,0,0,0,0,0,0,6.0,0.0,0.0,0.0,0
29,AZE,MEX,0.0,0,1,0,0,0,0,0,0,0,0,0,0,0,0,0,0,0,0,0,0,0,0,0,0,6.0,0.0,0.0,0.0,0
30,AZE,ESP,0.0,0,1,0,0,0,0,0,0,0,0,0,0,0,0,0,0,0,0,0,0,0,0,0,0,6.0,0.0,0.0,0.0,0
31,BGD,ARG,3.295836866004329,0,1,0,0,0,0,0,0,0,0,0,0,0,0,0,0,0,0,0,1,0,1,0,0,0.0,0.0,464348250.0,0.0,0
32,BGD,COL,3.295836866004329,0,1,0,0,0,0,0,0,0,0,0,0,0,0,0,0,0,0,0,1,0,1,0,0,0.0,0.0,25817987.0,0.0,0
33,BGD,MEX,3.295836866004329,0,1,0,0,0,0,0,0,0,0,0,0,0,0,0,0,0,0,0,1,0,1,0,0,6.0,0.0,437847710.0,0.0,0
34,BGD,ESP,3.295836866004328,0,1,0,0,0,0,0,0,0,0,0,0,0,0,0,0,0,0,0,1,0,1,0,0,6.0,0.0,2105816818.0,0.0,0
35,BLR,ARG,0.0,0,0,1,0,0,0,0,0,0,0,0,0,0,0,0,0,0,0,0,0,0,0,0,0,4.0,0.0,0.0,0.0,0
36,BLR,COL,0.0,0,0,1,0,0,0,0,0,0,0,0,0,0,0,0,0,0,0,0,0,0,0,0,0,0.0,0.0,0.0,0.0,0
37,BLR,MEX,0.0,0,0,1,0,0,0,0,0,0,0,0,0,0,0,0,0,0,0,0,0,0,0,0,0,0.0,0.0,0.0,0.0,0
38,BLR,ESP,0.0,0,0,1,0,0,0,0,0,1,0,0,0,0,0,0,0,0,0,0,0,0,0,0,0,0.0,0.0,0.0,0.0,0
39,BEL,ARG,0.0,0,0,1,0,0,0,0,0,0,1,0,0,0,1,0,0,0,0,0,1,0,1,0,0,4.0,598.806397895394,839065807.0,0.0,0
40,BEL,COL,0.0,0,0,1,0,0,0,0,0,0,1,0,0,0,1,0,0,0,0,0,1,0,1,0,0,6.0,24.0555132213053,873965177.0,0.0,0
41,BEL,MEX,2.995732273553991,0,0,1,0,0,0,0,0,0,1,0,1,0,0,0,0,0,0,0,1,0,1,0,0,4.0,47.3585537692945,3769818516.0,0.0,0
42,BEL,ESP,2.995732273553991,0,0,1,0,0,0,0,0,1,1,0,1,0,0,0,0,0,0,0,1,0,1,0,0,6.0,2235.02740133417,21490222564.0,0.0,0
43,BEN,ARG,0.0,0,0,0,1,0,0,0,0,0,0,0,0,0,0,1,0,1,0,0,1,0,1,0,0,0.0,0.0,1255000.0,0.0,0
44,BEN,COL,0.0,0,0,0,1,0,0,0,0,0,0,0,0,0,0,1,0,1,0,0,1,0,1,0,0,0.0,0.0,190323.0,0.0,0
45,BEN,MEX,0.0,0,0,0,1,0,0,0,0,0,0,0,0,0,0,1,0,1,0,0,1,0,1,0,0,0.0,0.0,961000.0,0.0,0
46,BEN,ESP,0.0,0,0,0,1,0,0,0,0,0,0,0,0,0,0,1,0,1,0,0,1,0,1,0,0,0.0,0.0,56881014.0,0.0,0
47,BTN,ARG,0.0,0,1,0,0,0,0,0,0,0,0,0,0,0,0,1,0,1,0,0,1,0,1,0,0,0.0,0.0,1886.0,0.0,0
48,BTN,COL,0.0,0,1,0,0,0,0,0,0,0,0,0,0,0,0,1,0,1,0,0,1,0,1,0,0,0.0,0.0,10172.0,0.0,0
49,BTN,MEX,0.0,0,1,0,0,0,0,0,0,0,0,0,0,0,0,1,0,1,0,0,1,0,1,0,0,0.0,0.0,143000.0,0.0,0
50,BTN,ESP,0.0,0,1,0,0,0,0,0,0,0,0,0,0,0,0,1,0,1,0,0,1,0,1,0,0,0.0,0.0,112881.0,0.0,0
51,BOL,ARG,2.311141008576905,1,0,0,0,0,0,0,0,0,0,0,0,0,0,1,0,1,0,0,0,0,0,0,0,6.0,0.0,1542911314.0,0.0,1
52,BOL,COL,2.57083177825133,0,0,0,0,0,0,0,0,0,0,0,0,0,0,1,0,1,0,0,0,0,0,0,0,6.0,0.0,513259447.0,0.0,1
53,BOL,MEX,2.484268188359855,0,0,0,0,0,0,0,0,0,0,0,0,0,0,1,0,1,0,0,0,0,0,0,0,4.0,0.0,160486688.0,0.0,1
54,BOL,ESP,1.7917594692280547,0,0,0,0,0,0,0,0,0,0,0,0,0,0,1,0,1,0,0,0,0,0,0,0,6.0,0.0,168498517.0,0.0,1
55,BWA,ARG,0.0,0,0,0,1,0,0,0,0,0,0,0,0,0,0,1,0,1,0,0,1,0,1,0,0,0.0,0.0,0.0,0.0,0
56,BWA,COL,0.0,0,0,0,1,0,0,0,0,0,0,0,0,0,0,1,0,1,0,0,1,0,1,0,0,0.0,0.0,0.0,0.0,0
57,BWA,MEX,0.0,0,0,0,1,0,0,0,0,0,0,0,0,0,0,1,0,1,0,0,1,0,1,0,0,0.0,0.0,360000.0,0.0,0
58,BWA,ESP,0.0,0,0,0,1,0,0,0,0,0,0,0,0,0,0,1,0,1,0,0,1,0,1,0,0,0.0,0.0,1749825.0,0.0,0
59,BRA,ARG,2.8633121971990594,1,0,0,0,0,0,1,0,1,1,0,0,0,1,1,0,1,0,0,1,0,1,0,0,6.0,845.710318530922,24228576697.0,0.0,0
60,BRA,COL,2.860155888303706,1,0,0,0,0,0,1,0,1,1,0,0,0,1,1,0,1,0,0,1,0,1,0,0,6.0,94.7222124877392,4887962796.0,0.0,0
61,BRA,MEX,3.0000155355414195,0,0,0,0,0,0,1,0,0,1,0,1,0,0,1,0,1,0,0,1,0,1,0,0,6.0,784.49381020235,15657529860.0,0.0,0
62,BRA,ESP,2.89716221702489,0,0,0,0,0,0,1,0,0,1,0,1,0,0,1,0,1,0,0,1,0,1,0,0,6.0,4800.87761399011,9214789406.0,0.0,0
63,BGR,ARG,0.0,0,0,1,0,0,0,0,0,0,0,0,0,0,0,1,0,1,0,0,1,0,1,0,0,6.0,0.551961588709514,43306144.0,0.0,0
64,BGR,COL,0.0,0,0,1,0,0,0,0,0,0,0,0,0,0,0,1,0,1,0,0,1,0,1,0,0,0.0,0.170431387452307,5962400.0,0.0,0
65,BGR,MEX,0.0,0,0,1,0,0,0,0,0,0,0,0,0,0,0,1,0,1,0,0,1,0,1,0,0,6.0,50.070239806605,237086289.0,0.0,0
66,BGR,ESP,0.0,0,0,1,0,0,0,0,0,1,0,0,0,0,0,1,0,1,0,0,1,0,1,0,0,6.0,84.9613706660339,1533636076.0,0.0,0
67,BFA,ARG,0.0,0,0,0,1,0,0,0,0,0,0,0,0,0,0,1,0,1,0,0,0,0,0,0,0,0.0,0.0,59437.0,0.0,0
68,BFA,COL,0.0,0,0,0,1,0,0,0,0,0,0,0,0,0,0,1,0,1,0,0,0,0,0,0,0,0.0,0.0,91112.0,0.0,0
69,BFA,MEX,0.0,0,0,0,1,0,0,0,0,0,0,0,0,0,0,1,0,1,0,0,0,0,0,0,0,0.0,0.0,7569000.0,0.0,0
70,BFA,ESP,0.0,0,0,0,1,0,0,0,0,0,0,0,0,0,0,1,0,1,0,0,0,0,0,0,0,0.0,0.0,78705296.0,0.0,0
71,BDI,ARG,0.0,0,0,0,1,0,0,0,0,0,0,0,0,0,0,1,0,1,0,0,0,0,0,0,0,0.0,0.0,0.0,0.0,0
72,BDI,COL,0.0,0,0,0,1,0,0,0,0,0,0,0,0,0,0,1,0,1,0,0,0,0,0,0,0,0.0,0.0,35606.0,0.0,0
73,BDI,MEX,0.0,0,0,0,1,0,0,0,0,0,0,0,0,0,0,1,0,1,0,0,0,0,0,0,0,0.0,0.0,196000.0,0.0,0
74,BDI,ESP,0.0,0,0,0,1,0,0,0,0,0,0,0,0,0,0,1,0,1,0,0,0,0,0,0,0,0.0,0.0,1166298.0,0.0,0
75,CMR,ARG,0.0,0,0,0,1,0,0,0,0,0,0,0,0,0,0,1,0,1,0,0,0,0,0,0,0,0.0,0.0,48760877.0,0.0,0
76,CMR,COL,0.0,0,0,0,1,0,0,0,0,0,0,0,0,0,0,1,0,1,0,0,0,0,0,0,0,0.0,0.0,1767360.0,0.0,0
77,CMR,MEX,0.0,0,0,0,1,0,0,0,0,0,0,0,0,0,0,1,0,1,0,0,0,0,0,0,0,0.0,0.0,15514033.0,0.0,0
78,CMR,ESP,0.0,0,0,0,1,0,0,0,0,0,0,0,0,0,0,1,0,1,0,0,0,0,0,0,0,6.0,0.0,292478802.0,0.0,0
79,CAN,ARG,0.0,0,0,0,0,0,1,0,0,0,1,0,0,0,1,0,0,0,0,0,1,0,1,0,0,6.0,497.958465635689,1139950462.0,0.0,0
80,CAN,COL,0.0,0,0,0,0,0,1,0,0,0,1,0,0,0,1,0,0,0,0,0,1,0,1,0,0,6.0,113.078804637002,1633946264.0,0.0,0
81,CAN,MEX,0.0,0,0,0,0,0,1,0,0,1,1,0,1,0,0,0,0,0,0,0,1,0,1,0,0,6.0,2594.81891499377,46253498334.0,0.0,0
82,CAN,ESP,0.0,0,0,0,0,0,1,0,0,0,1,0,1,0,0,0,0,0,0,0,1,0,1,0,0,6.0,400.77981255905,5462464494.0,0.0,0
83,CAF,ARG,0.0,0,0,0,1,0,0,0,0,0,0,0,0,0,0,1,0,1,0,0,0,0,0,0,0,0.0,0.0,0.0,0.0,0
84,CAF,COL,0.0,0,0,0,1,0,0,0,0,0,0,0,0,0,0,1,0,1,0,0,0,0,0,0,0,0.0,0.0,0.0,0.0,0
85,CAF,MEX,0.0,0,0,0,1,0,0,0,0,0,0,0,0,0,0,1,0,1,0,0,0,0,0,0,0,0.0,0.0,0.0,0.0,0
86,CAF,ESP,0.0,0,0,0,1,0,0,0,0,0,0,0,0,0,0,1,0,1,0,0,0,0,0,0,0,0.0,0.0,0.0,0.0,0
87,TCD,ARG,0.0,0,0,0,1,0,0,0,0,0,0,0,0,0,0,1,0,1,0,0,0,0,0,0,0,0.0,0.0,0.0,0.0,0
88,TCD,COL,0.0,0,0,0,1,0,0,0,0,0,0,0,0,0,0,1,0,1,0,0,0,0,0,0,0,0.0,0.0,0.0,0.0,0
89,TCD,MEX,0.0,0,0,0,1,0,0,0,0,0,0,0,0,0,0,1,0,1,0,0,0,0,0,0,0,0.0,0.0,1044000.0,0.0,0
90,TCD,ESP,0.0,0,0,0,1,0,0,0,0,0,0,0,0,0,0,1,0,1,0,0,0,0,0,0,0,0.0,0.0,7118999.0,0.0,0
91,CHL,ARG,0.0,1,0,0,0,0,0,1,0,1,0,0,0,0,0,1,0,1,0,0,1,0,1,0,0,6.0,599.633209934822,3508123306.0,0.0,0
92,CHL,COL,0.0,0,0,0,0,0,0,1,0,1,0,0,0,0,0,1,0,1,0,0,1,0,1,0,0,6.0,34.7787568421006,1358440233.0,0.0,0
93,CHL,MEX,0.0,0,0,0,0,0,0,1,0,0,0,0,0,0,0,1,0,1,0,0,1,0,1,0,0,6.0,155.137989533657,3666651182.0,0.0,0
94,CHL,ESP,0.0,0,0,0,0,0,0,1,0,0,0,0,0,0,0,1,0,1,0,0,1,0,1,0,0,6.0,819.086800047959,2666042186.0,0.0,0
95,CHN,ARG,2.3025850929940455,0,1,0,0,0,0,0,0,0,1,0,0,0,1,1,0,1,0,0,0,0,0,0,0,6.0,109.060919017772,0.0,0.0,0
96,CHN,COL,0.0,0,1,0,0,0,0,0,0,0,1,0,0,0,1,1,0,1,0,0,0,0,0,0,0,6.0,26.6539188761521,0.0,0.0,0
97,CHN,MEX,1.8173820666020837,0,1,0,0,0,0,0,0,0,1,0,1,0,0,1,0,1,0,0,0,0,0,0,0,6.0,436.001454376744,0.0,0.0,0
98,CHN,ESP,2.3929955948062123,0,1,0,0,0,0,0,0,0,1,0,1,0,0,1,0,1,0,0,0,0,0,0,0,6.0,5119.13010627666,0.0,0.0,0
99,COL,ARG,0.0,0,0,0,0,0,0,1,0,1,0,0,0,0,0,1,0,1,0,0,1,0,1,0,0,4.0,68.9408379290086,797755174.0,0.0,1
100,COL,MEX,0.0,0,0,0,0,0,0,1,0,0,0,0,0,0,0,1,0,1,0,0,1,0,1,0,0,6.0,179.286380136798,4741114142.0,0.0,1
101,COL,ESP,0.0,0,0,0,0,0,0,1,0,0,0,0,0,0,0,1,0,1,0,0,1,0,1,0,0,6.0,611.540925913845,1349213005.0,0.0,1
102,COM,ARG,0.0,0,0,0,1,0,0,0,0,0,0,0,0,0,0,1,0,1,0,0,0,0,0,0,0,0.0,0.0,0.0,0.0,0
103,COM,COL,0.0,0,0,0,1,0,0,0,0,0,0,0,0,0,0,1,0,1,0,0,0,0,0,0,0,0.0,0.0,0.0,0.0,0
104,COM,MEX,0.0,0,0,0,1,0,0,0,0,0,0,0,0,0,0,1,0,1,0,0,0,0,0,0,0,0.0,0.0,0.0,0.0,0
105,COM,ESP,0.0,0,0,0,1,0,0,0,0,0,0,0,0,0,0,1,0,1,0,0,0,0,0,0,0,0.0,0.0,0.0,0.0,0
106,COG,ARG,0.0,0,0,0,1,0,0,0,0,0,0,0,0,0,0,1,0,1,0,0,0,0,0,0,0,0.0,0.0,0.0,0.0,0
107,COG,COL,0.0,0,0,0,1,0,0,0,0,0,0,0,0,0,0,1,0,1,0,0,0,0,0,0,0,0.0,0.0,0.0,0.0,0
108,COG,MEX,0.0,0,0,0,1,0,0,0,0,0,0,0,0,0,0,1,0,1,0,0,0,0,0,0,0,0.0,0.0,0.0,0.0,0
109,COG,ESP,0.0,0,0,0,1,0,0,0,0,0,0,0,0,0,0,1,0,1,0,0,0,0,0,0,0,0.0,0.0,0.0,0.0,0
110,CRI,ARG,0.0,0,0,0,0,0,1,0,0,0,0,0,0,0,0,1,0,1,0,0,1,0,1,0,0,6.0,1.96933842665686,97504230.0,0.0,1
111,CRI,COL,0.0,0,0,0,0,0,1,0,0,0,0,0,0,0,0,1,0,1,0,0,1,0,1,0,0,6.0,1.87357776729945,270514578.0,0.0,1
112,CRI,MEX,0.0,0,0,0,0,0,1,0,0,1,0,0,0,0,0,1,0,1,0,0,1,0,1,0,0,6.0,11.228703633765,1752273629.0,0.0,1
113,CRI,ESP,0.0,0,0,0,0,0,1,0,0,0,0,0,0,0,0,1,0,1,0,0,1,0,1,0,0,6.0,4.32172570341123,405257451.0,0.0,1
114,HRV,ARG,0.6931471805599453,0,0,1,0,0,0,0,0,0,0,0,0,0,0,0,0,0,0,0,1,0,1,0,0,6.0,0.0,0.0,0.0,0
115,HRV,COL,0.6931471805599453,0,0,1,0,0,0,0,0,0,0,0,0,0,0,0,0,0,0,0,1,0,1,0,0,0.0,0.0,0.0,0.0,0
116,HRV,MEX,0.6931471805599448,0,0,1,0,0,0,0,0,0,0,0,0,0,0,0,0,0,0,0,1,0,1,0,0,0.0,0.0029289155623639,0.0,0.0,0
117,HRV,ESP,0.6931471805599451,0,0,1,0,0,0,0,0,1,0,0,0,0,0,0,0,0,0,0,1,0,1,0,0,6.0,13.7,0.0,0.0,0
118,CYP,ARG,0.0,0,1,0,0,0,0,0,0,0,0,0,0,0,0,0,0,0,0,0,1,0,1,0,0,0.0,1.46478663963553,32324187.0,0.0,0
119,CYP,COL,0.0,0,1,0,0,0,0,0,0,0,0,0,0,0,0,0,0,0,0,0,1,0,1,0,0,0.0,0.726317600684175,2173836.0,0.0,0
120,CYP,MEX,0.0,0,1,0,0,0,0,0,0,0,0,0,0,0,0,0,0,0,0,0,1,0,1,0,0,0.0,5.17042804772133,63732365.0,0.0,0
121,CYP,ESP,0.0,0,1,0,0,0,0,0,0,0,0,0,0,0,0,0,0,0,0,0,1,0,1,0,0,6.0,61.0798172395959,324132122.0,0.0,0
122,DNK,ARG,0.0,0,0,1,0,0,0,0,0,0,0,0,0,0,0,0,0,0,0,0,1,0,1,0,0,6.0,195.229458361671,421745240.0,0.0,0
123,DNK,COL,0.0,0,0,1,0,0,0,0,0,0,0,0,0,0,0,0,0,0,0,0,1,0,1,0,0,6.0,60.8475825383182,139937472.0,0.0,0
124,DNK,MEX,0.0,0,0,1,0,0,0,0,0,0,0,0,0,0,0,0,0,0,0,0,1,0,1,0,0,6.0,791.703691579488,1488783034.0,0.0,0
125,DNK,ESP,0.0,0,0,1,0,0,0,0,0,1,0,0,0,0,0,0,0,0,0,0,1,0,1,0,0,6.0,2736.94964678838,4535333846.0,0.0,0
126,DJI,ARG,0.0,0,0,0,1,0,0,0,0,0,0,0,0,0,0,1,0,1,0,0,0,0,0,0,0,0.0,0.0,1749642.0,0.0,0
127,DJI,COL,0.0,0,0,0,1,0,0,0,0,0,0,0,0,0,0,1,0,1,0,0,0,0,0,0,0,0.0,0.0,611128.0,0.0,0
128,DJI,MEX,0.0,0,0,0,1,0,0,0,0,0,0,0,0,0,0,1,0,1,0,0,0,0,0,0,0,0.0,0.0,920048.0,0.0,0
129,DJI,ESP,0.0,0,0,0,1,0,0,0,0,0,0,0,0,0,0,1,0,1,0,0,0,0,0,0,0,0.0,0.0,16505043.0,0.0,0
130,DOM,ARG,0.0,0,0,0,0,0,1,0,0,0,0,0,0,0,0,1,0,1,0,0,1,0,1,0,0,6.0,0.0,0.0,0.0,1
131,DOM,COL,0.0,0,0,0,0,0,1,0,0,0,0,0,0,0,0,1,0,1,0,0,1,0,1,0,0,6.0,0.0,0.0,0.0,1
132,DOM,MEX,0.0,0,0,0,0,0,1,0,0,1,0,0,0,0,0,1,0,1,0,0,1,0,1,0,0,6.0,0.0,0.0,0.0,1
133,DOM,ESP,0.0,0,0,0,0,0,1,0,0,0,0,0,0,0,0,1,0,1,0,0,1,0,1,0,0,6.0,0.0,0.0,0.0,1
134,ECU,ARG,0.0,0,0,0,0,0,0,1,0,1,0,0,0,0,0,1,0,1,0,0,1,0,1,0,0,6.0,0.0,434733570.0,0.0,1
135,ECU,COL,0.0,1,0,0,0,0,0,1,0,1,0,0,0,0,0,1,0,1,0,0,1,0,1,0,0,6.0,0.0,2262876612.0,0.0,1
136,ECU,MEX,0.0,0,0,0,0,0,0,1,0,0,0,0,0,0,0,1,0,1,0,0,1,0,1,0,0,4.0,0.0,689626550.0,0.0,1
137,ECU,ESP,0.0,0,0,0,0,0,0,1,0,0,0,0,0,0,0,1,0,1,0,0,1,0,1,0,0,6.0,0.0,960258857.0,0.0,1
138,EGY,ARG,0.0,0,0,0,1,0,0,0,0,0,0,0,0,0,0,0,0,0,0,0,0,0,0,0,0,6.0,6.01810278813982,0.0,0.0,0
139,EGY,COL,0.0,0,0,0,1,0,0,0,0,0,0,0,0,0,0,0,0,0,0,0,0,0,0,0,0,6.0,0.0,0.0,0.0,0
140,EGY,MEX,0.0,0,0,0,1,0,0,0,0,0,0,0,0,0,0,0,0,0,0,0,0,0,0,0,0,6.0,0.0129695557210509,0.0,0.0,0
141,EGY,ESP,0.0,0,0,0,1,0,0,0,0,0,0,0,0,0,0,0,0,0,0,0,0,0,0,0,0,6.0,64.3222964394312,0.0,0.0,0
142,SLV,ARG,3.4965075614664807,0,0,0,0,0,1,0,0,0,0,0,0,0,0,1,0,1,0,0,1,0,1,0,0,6.0,0.0,31983834.0,0.0,1
143,SLV,COL,0.0,0,0,0,0,0,1,0,0,0,0,0,0,0,0,1,0,1,0,0,1,0,1,0,0,6.0,0.0,115810599.0,0.0,1
144,SLV,MEX,3.4965075614664816,0,0,0,0,0,1,0,0,1,0,0,0,0,0,1,0,1,0,0,1,0,1,0,0,6.0,0.0,1302338628.0,0.0,1
145,SLV,ESP,3.496507561466481,0,0,0,0,0,1,0,0,0,0,0,0,0,0,1,0,1,0,0,1,0,1,0,0,6.0,0.0,130991576.0,0.0,1
146,EST,ARG,0.0,0,0,1,0,0,0,0,0,0,0,0,0,0,0,0,0,0,0,0,1,0,1,0,0,0.0,6.10357982301233,0.0,0.0,0
147,EST,COL,0.0,0,0,1,0,0,0,0,0,0,0,0,0,0,0,0,0,0,0,0,1,0,1,0,0,0.0,0.0011649521050634,0.0,0.0,0
148,EST,MEX,0.0,0,0,1,0,0,0,0,0,0,0,0,0,0,0,0,0,0,0,0,1,0,1,0,0,0.0,2.97696695047882,0.0,0.0,0
149,EST,ESP,0.0,0,0,1,0,0,0,0,0,1,0,0,0,0,0,0,0,0,0,0,1,0,1,0,0,6.0,6.9837903177775,0.0,0.0,0
150,ETH,ARG,0.0,0,0,0,1,0,0,0,0,0,0,0,0,0,0,1,0,1,0,0,0,0,0,0,0,0.0,0.0,0.0,0.0,0
151,ETH,COL,0.0,0,0,0,1,0,0,0,0,0,0,0,0,0,0,1,0,1,0,0,0,0,0,0,0,0.0,0.0,0.0,0.0,0
152,ETH,MEX,0.0,0,0,0,1,0,0,0,0,0,0,0,0,0,0,1,0,1,0,0,0,0,0,0,0,6.0,0.0,0.0,0.0,0
153,ETH,ESP,0.0,0,0,0,1,0,0,0,0,0,0,0,0,0,0,1,0,1,0,0,0,0,0,0,0,6.0,0.0,0.0,0.0,0
154,FJI,ARG,0.0,0,0,0,0,1,0,0,0,0,0,0,0,0,0,1,0,1,0,0,1,0,1,0,0,0.0,0.0,0.0,0.0,0
155,FJI,COL,0.0,0,0,0,0,1,0,0,0,0,0,0,0,0,0,1,0,1,0,0,1,0,1,0,0,0.0,0.0,0.0,0.0,0
156,FJI,MEX,0.6931471805599453,0,0,0,0,1,0,0,0,0,0,0,0,0,0,1,0,1,0,0,1,0,1,0,0,0.0,0.0,0.0,0.0,0
157,FJI,ESP,0.0,0,0,0,0,1,0,0,0,0,0,0,0,0,0,1,0,1,0,0,1,0,1,0,0,0.0,0.0,0.0,0.0,0
158,FIN,ARG,0.0,0,0,1,0,0,0,0,0,0,0,0,0,0,0,0,0,0,0,0,1,0,1,0,0,6.0,11.0852404445097,93968893.0,0.0,0
159,FIN,COL,0.0,0,0,1,0,0,0,0,0,0,0,0,0,0,0,0,0,0,0,0,1,0,1,0,0,6.0,2.0659575491525,139347671.0,0.0,0
160,FIN,MEX,0.0,0,0,1,0,0,0,0,0,0,0,0,0,0,0,0,0,0,0,0,1,0,1,0,0,6.0,202.527643621559,891519891.0,0.0,0
161,FIN,ESP,0.0,0,0,1,0,0,0,0,0,1,0,0,0,0,0,0,0,0,0,0,1,0,1,0,0,6.0,35.5606302148722,2392771452.0,0.0,0
162,FRA,ARG,2.995732273553991,0,0,1,0,0,0,0,0,0,1,0,0,0,1,0,0,0,0,0,1,0,1,0,0,6.0,1914.92661932235,1086591783.0,0.0,0
163,FRA,COL,2.995732273553991,0,0,1,0,0,0,0,0,0,1,0,0,0,1,0,0,0,0,0,1,0,1,0,0,6.0,607.009668866749,719585426.0,0.0,0
164,FRA,MEX,2.995732273553991,0,0,1,0,0,0,0,0,0,1,0,1,0,0,0,0,0,0,0,1,0,1,0,0,6.0,1757.20332419201,7681619779.0,0.0,0
165,FRA,ESP,2.9957322735539913,1,0,1,0,0,0,0,0,1,1,0,1,0,0,0,0,0,0,0,1,0,1,0,0,6.0,24988.3673376895,86312342935.0,0.0,0
166,GAB,ARG,0.0,0,0,0,1,0,0,0,0,0,0,0,0,0,0,1,0,1,0,0,0,0,0,0,0,0.0,0.0,5553852.0,0.0,0
167,GAB,COL,0.0,0,0,0,1,0,0,0,0,0,0,0,0,0,0,1,0,1,0,0,0,0,0,0,0,0.0,0.0,16657800.0,0.0,0
168,GAB,MEX,0.0,0,0,0,1,0,0,0,0,0,0,0,0,0,0,1,0,1,0,0,0,0,0,0,0,0.0,0.0,18970277.0,0.0,0
169,GAB,ESP,0.0,0,0,0,1,0,0,0,0,0,0,0,0,0,0,1,0,1,0,0,0,0,0,0,0,6.0,0.0,53821339.0,0.0,0
170,GMB,ARG,0.0,0,0,0,1,0,0,0,0,0,0,0,0,0,0,1,0,1,0,0,0,0,0,0,0,0.0,0.0,0.0,0.0,0
171,GMB,COL,0.0,0,0,0,1,0,0,0,0,0,0,0,0,0,0,1,0,1,0,0,0,0,0,0,0,0.0,0.0,0.0,0.0,0
172,GMB,MEX,0.0,0,0,0,1,0,0,0,0,0,0,0,0,0,0,1,0,1,0,0,0,0,0,0,0,0.0,0.0,0.0,0.0,0
173,GMB,ESP,0.0,0,0,0,1,0,0,0,0,0,0,0,0,0,0,1,0,1,0,0,0,0,0,0,0,0.0,0.0,0.0,0.0,0
174,GEO,ARG,0.0,0,1,0,0,0,0,0,0,0,0,0,0,0,0,1,0,1,0,0,1,0,1,0,0,6.0,0.0,10836000.0,0.0,0
175,GEO,COL,0.0,0,1,0,0,0,0,0,0,0,0,0,0,0,0,1,0,1,0,0,1,0,1,0,0,0.0,0.0,4406087.0,0.0,0
176,GEO,MEX,0.0,0,1,0,0,0,0,0,0,0,0,0,0,0,0,1,0,1,0,0,1,0,1,0,0,4.0,0.0,37164560.0,0.0,0
177,GEO,ESP,0.0,0,1,0,0,0,0,0,0,0,0,0,0,0,0,1,0,1,0,0,1,0,1,0,0,6.0,0.0,150129374.0,0.0,0
178,DEU,ARG,2.995732273553991,0,0,1,0,0,0,0,0,0,1,0,0,0,1,0,0,0,0,0,1,0,1,0,0,6.0,888.492285641818,2826545092.0,0.0,0
179,DEU,COL,2.995732273553991,0,0,1,0,0,0,0,0,0,1,0,0,0,1,0,0,0,0,0,1,0,1,0,0,6.0,378.238534375891,2000930564.0,0.0,0
180,DEU,MEX,2.995732273553991,0,0,1,0,0,0,0,0,0,1,0,1,0,0,0,0,0,0,0,1,0,1,0,0,6.0,330.422187815677,33452138438.0,0.0,0
181,DEU,ESP,2.995732273553991,0,0,1,0,0,0,0,0,1,1,0,1,0,0,0,0,0,0,0,1,0,1,0,0,6.0,8768.16540668878,77788804505.0,0.0,0
182,GHA,ARG,0.0,0,0,0,1,0,0,0,0,0,0,0,0,0,0,1,0,1,0,0,1,0,1,0,0,0.0,0.0,53554781.0,0.0,0
183,GHA,COL,0.0,0,0,0,1,0,0,0,0,0,0,0,0,0,0,1,0,1,0,0,1,0,1,0,0,6.0,0.0,2923003.0,0.0,0
184,GHA,MEX,0.0,0,0,0,1,0,0,0,0,0,0,0,0,0,0,1,0,1,0,0,1,0,1,0,0,6.0,0.0,37049469.0,0.0,0
185,GHA,ESP,0.0,0,0,0,1,0,0,0,0,0,0,0,0,0,0,1,0,1,0,0,1,0,1,0,0,6.0,0.0,474967954.0,0.0,0
186,GRC,ARG,2.995732273553991,0,0,1,0,0,0,0,0,0,0,0,0,0,0,1,0,1,0,0,1,0,1,0,0,6.0,4.04071280880836,183252602.0,0.0,0
187,GRC,COL,0.0,0,0,1,0,0,0,0,0,0,0,0,0,0,0,1,0,1,0,0,1,0,1,0,0,0.0,0.921130658135421,28783858.0,0.0,0
188,GRC,MEX,2.995732273553991,0,0,1,0,0,0,0,0,0,0,0,0,0,0,1,0,1,0,0,1,0,1,0,0,6.0,2.88947137897836,359061235.0,0.0,0
189,GRC,ESP,0.0,0,0,1,0,0,0,0,0,1,0,0,0,0,0,1,0,1,0,0,1,0,1,0,0,6.0,345.21611472428,3518549932.0,0.0,0
190,GTM,ARG,1.122585794705758,0,0,0,0,0,1,0,0,0,0,0,0,0,0,1,0,1,0,0,1,0,1,0,0,6.0,0.0,126347600.0,0.0,1
191,GTM,COL,0.0,0,0,0,0,0,1,0,0,0,0,0,0,0,0,1,0,1,0,0,1,0,1,0,0,6.0,0.0,361049162.0,0.0,1
192,GTM,MEX,1.0986122886681096,1,0,0,0,0,1,0,0,1,0,0,0,0,0,1,0,1,0,0,1,0,1,0,0,6.0,0.0,2858190800.0,0.0,1
193,GTM,ESP,1.0986122886681098,0,0,0,0,0,1,0,0,0,0,0,0,0,0,1,0,1,0,0,1,0,1,0,0,6.0,0.0,432678362.0,0.0,1
194,GIN,ARG,0.0,0,0,0,1,0,0,0,0,0,0,0,0,0,0,0,0,0,0,0,0,0,0,0,0,0.0,0.0,1142000.0,0.0,0
195,GIN,COL,0.0,0,0,0,1,0,0,0,0,0,0,0,0,0,0,0,0,0,0,0,0,0,0,0,0,0.0,0.0,1973262.0,0.0,0
196,GIN,MEX,0.0,0,0,0,1,0,0,0,0,0,0,0,0,0,0,0,0,0,0,0,0,0,0,0,0,0.0,0.0,1997000.0,0.0,0
197,GIN,ESP,0.0,0,0,0,1,0,0,0,0,0,0,0,0,0,0,0,0,0,0,0,0,0,0,0,0,6.0,0.0,249390675.0,0.0,0
198,GUY,ARG,0.0,0,0,0,0,0,0,1,0,1,0,0,0,0,0,1,0,1,0,0,1,0,1,0,0,6.0,0.0,4284000.0,0.0,0
199,GUY,COL,0.0,0,0,0,0,0,0,1,0,1,0,0,0,0,0,1,0,1,0,0,1,0,1,0,0,0.0,0.0,12420478.0,0.0,0
200,GUY,MEX,0.0,0,0,0,0,0,0,1,0,0,0,0,0,0,0,1,0,1,0,0,1,0,1,0,0,6.0,0.0,99517308.0,0.0,0
201,GUY,ESP,0.0,0,0,0,0,0,0,1,0,0,0,0,0,0,0,1,0,1,0,0,1,0,1,0,0,0.0,0.0,3846802.0,0.0,0
202,HND,ARG,2.1930837373367003,0,0,0,0,0,1,0,0,0,0,0,0,0,0,1,0,1,0,0,1,0,1,0,0,6.0,0.0,41490355.0,0.0,1
203,HND,COL,2.995732273553991,0,0,0,0,0,1,0,0,0,0,0,0,0,0,1,0,1,0,0,1,0,1,0,0,6.0,0.0,104229786.0,0.0,1
204,HND,MEX,2.544242471931765,0,0,0,0,0,1,0,0,1,0,0,0,0,0,1,0,1,0,0,1,0,1,0,0,6.0,0.0,1215662616.0,0.0,1
205,HND,ESP,0.0,0,0,0,0,0,1,0,0,0,0,0,0,0,0,1,0,1,0,0,1,0,1,0,0,6.0,0.0,139860644.0,0.0,1
206,HUN,ARG,0.0,0,0,1,0,0,0,0,0,0,0,0,0,0,0,0,0,0,0,0,1,0,1,0,0,6.0,15.9016610547828,117496976.0,0.0,0
207,HUN,COL,0.0,0,0,1,0,0,0,0,0,0,0,0,0,0,0,0,0,0,0,0,1,0,1,0,0,6.0,100.40610171943,44463379.0,0.0,0
208,HUN,MEX,0.0,0,0,1,0,0,0,0,0,0,0,0,0,0,0,0,0,0,0,0,1,0,1,0,0,6.0,122.466804292789,2142427821.0,0.0,0
209,HUN,ESP,0.0,0,0,1,0,0,0,0,0,1,0,0,0,0,0,0,0,0,0,0,1,0,1,0,0,6.0,122.733530963214,5212805353.0,0.0,0
210,ISL,ARG,0.0,0,0,1,0,0,0,0,0,0,0,0,0,0,0,0,0,0,0,0,1,0,1,0,0,0.0,0.10344224100339,2558551.0,0.0,0
211,ISL,COL,0.0,0,0,1,0,0,0,0,0,0,0,0,0,0,0,0,0,0,0,0,1,0,1,0,0,0.0,0.0,1620953.0,0.0,0
212,ISL,MEX,0.0,0,0,1,0,0,0,0,0,0,0,0,0,0,0,0,0,0,0,0,1,0,1,0,0,0.0,0.227550800243547,24150852.0,0.0,0
213,ISL,ESP,0.0,0,0,1,0,0,0,0,0,1,0,0,0,0,0,0,0,0,0,0,1,0,1,0,0,0.0,15.5843080245726,830554068.0,0.0,0
214,IND,ARG,4.51085950651685,0,1,0,0,0,0,0,0,0,1,0,0,0,1,1,0,1,0,0,1,0,1,0,0,6.0,5.54744788908047,3248048301.0,0.0,0
215,IND,COL,4.51085950651685,0,1,0,0,0,0,0,0,0,1,0,0,0,1,1,0,1,0,0,1,0,1,0,0,6.0,2.01429730186094,1628042247.0,0.0,0
216,IND,MEX,4.482721272395617,0,1,0,0,0,0,0,0,0,1,0,1,0,0,1,0,1,0,0,1,0,1,0,0,6.0,43.6527446032176,9964858404.0,0.0,0
217,IND,ESP,4.341183403140988,0,1,0,0,0,0,0,0,0,1,0,1,0,0,1,0,1,0,0,1,0,1,0,0,6.0,0.627465557356466,4339412453.0,0.0,0
218,IDN,ARG,2.995732273553991,0,1,0,0,0,0,0,0,0,1,0,0,0,1,1,0,1,0,0,1,0,1,0,0,6.0,3.35515311326617,1477271134.0,0.0,0
219,IDN,COL,2.995732273553991,0,1,0,0,0,0,0,0,0,1,0,0,0,1,1,0,1,0,0,1,0,1,0,0,6.0,0.0002554598765169,133407603.0,0.0,0
220,IDN,MEX,2.9697393604776594,0,1,0,0,0,0,0,0,0,1,0,1,0,0,1,0,1,0,0,1,0,1,0,0,6.0,5.44794454441386,2547186425.0,0.0,0
221,IDN,ESP,2.995732273553991,0,1,0,0,0,0,0,0,0,1,0,1,0,0,1,0,1,0,0,1,0,1,0,0,6.0,1.60033274199629,1913900101.0,0.0,0
222,IRN,ARG,2.8224454784140045,0,1,0,0,0,0,0,0,0,0,0,0,0,0,1,0,1,0,0,0,0,0,0,0,4.0,0.0,0.0,0.0,0
223,IRN,COL,2.995732273553991,0,1,0,0,0,0,0,0,0,0,0,0,0,0,1,0,1,0,0,0,0,0,0,0,6.0,0.0,0.0,0.0,0
224,IRN,MEX,2.995732273553991,0,1,0,0,0,0,0,0,0,0,0,0,0,0,1,0,1,0,0,0,0,0,0,0,6.0,0.0,0.0,0.0,0
225,IRN,ESP,2.995732273553991,0,1,0,0,0,0,0,0,0,0,0,0,0,0,1,0,1,0,0,0,0,0,0,0,6.0,0.0,0.0,0.0,0
226,IRQ,ARG,0.0,0,1,0,0,0,0,0,0,0,0,0,0,0,0,0,0,0,0,0,0,0,0,0,0,0.0,0.0,296887811.0,0.0,0
227,IRQ,COL,0.0,0,1,0,0,0,0,0,0,0,0,0,0,0,0,0,0,0,0,0,0,0,0,0,0,0.0,0.0,70116448.0,0.0,0
228,IRQ,MEX,0.0,0,1,0,0,0,0,0,0,0,0,0,0,0,0,0,0,0,0,0,0,0,0,0,0,4.0,0.0,54226000.0,0.0,0
229,IRQ,ESP,0.0,0,1,0,0,0,0,0,0,0,0,0,0,0,0,0,0,0,0,0,0,0,0,0,0,6.0,0.0,1017039785.0,0.0,0
230,IRL,ARG,0.0,0,0,1,0,0,0,0,0,0,0,0,0,0,0,0,0,0,0,0,1,0,1,0,0,6.0,367.595383506192,494236421.0,0.0,0
231,IRL,COL,0.0,0,0,1,0,0,0,0,0,0,0,0,0,0,0,0,0,0,0,0,1,0,1,0,0,6.0,154.20520871357,126550269.0,0.0,0
232,IRL,MEX,0.0,0,0,1,0,0,0,0,0,0,0,0,0,0,0,0,0,0,0,0,1,0,1,0,0,6.0,983.160634396093,3700902724.0,0.0,0
233,IRL,ESP,0.0,0,0,1,0,0,0,0,0,1,0,0,0,0,0,0,0,0,0,0,1,0,1,0,0,6.0,35179.8662537807,4953274490.0,0.0,0
234,ISR,ARG,2.0794415416798357,0,1,0,0,0,0,0,0,0,0,0,0,0,0,1,0,1,0,0,1,0,1,0,0,6.0,51.0372731439783,404719000.0,0.0,0
235,ISR,COL,0.0,0,1,0,0,0,0,0,0,0,0,0,0,0,0,1,0,1,0,0,1,0,1,0,0,6.0,12.8170339216605,486678259.0,0.0,0
236,ISR,MEX,0.0,0,1,0,0,0,0,0,0,0,0,0,0,0,0,1,0,1,0,0,1,0,1,0,0,6.0,84.1816394085107,1162843000.0,0.0,0
237,ISR,ESP,0.0,0,1,0,0,0,0,0,0,0,0,0,0,0,0,1,0,1,0,0,1,0,1,0,0,6.0,42.3683760146609,2542232466.0,0.0,0
238,ITA,ARG,0.0,0,0,1,0,0,0,0,0,0,1,0,0,0,1,1,0,1,0,0,1,0,1,0,0,6.0,62.3414953034254,1685972764.0,0.0,0
239,ITA,COL,0.0,0,0,1,0,0,0,0,0,0,1,0,0,0,1,1,0,1,0,0,1,0,1,0,0,6.0,6.44047220562356,1518502047.0,0.0,0
240,ITA,MEX,0.0,0,0,1,0,0,0,0,0,0,1,0,1,0,0,1,0,1,0,0,1,0,1,0,0,6.0,157.732995828966,9574058799.0,0.0,0
241,ITA,ESP,0.6931471805599453,0,0,1,0,0,0,0,0,1,1,0,1,0,0,1,0,1,0,0,1,0,1,0,0,6.0,57332.6864342027,48401181444.0,0.0,0
242,JAM,ARG,2.9957322735539913,0,0,0,0,0,1,0,0,0,0,0,0,0,0,1,0,1,0,0,1,0,1,0,0,6.0,0.0,6008632.0,0.0,0
243,JAM,COL,2.995732273553991,0,0,0,0,0,1,0,0,0,0,0,0,0,0,1,0,1,0,0,1,0,1,0,0,6.0,0.0,27226052.0,0.0,0
244,JAM,MEX,2.9957322735539904,0,0,0,0,0,1,0,0,1,0,0,0,0,0,1,0,1,0,0,1,0,1,0,0,4.0,0.0,75410543.0,0.0,0
245,JAM,ESP,2.99573227355399,0,0,0,0,0,1,0,0,0,0,0,0,0,0,1,0,1,0,0,1,0,1,0,0,6.0,0.0,50336044.0,0.0,0
246,JPN,ARG,0.0,0,1,0,0,0,0,0,0,0,1,0,0,0,1,0,0,0,0,0,1,0,1,0,0,6.0,956.858972316682,856278189.0,0.0,0
247,JPN,COL,2.995732273553991,0,1,0,0,0,0,0,0,0,1,0,0,0,1,0,0,0,0,0,1,0,1,0,0,6.0,373.120443873469,1202217666.0,0.0,0
248,JPN,MEX,2.9957322735539926,0,1,0,0,0,0,0,0,0,1,0,1,0,0,0,0,0,0,0,1,0,1,0,0,6.0,2451.31446983283,25916581064.0,0.0,0
249,JPN,ESP,2.995732273553991,0,1,0,0,0,0,0,0,0,1,0,1,0,0,0,0,0,0,0,1,0,1,0,0,6.0,15503.389441036,5080536503.0,0.0,0
250,JOR,ARG,0.0,0,1,0,0,0,0,0,0,0,0,0,0,0,0,0,0,0,0,0,0,0,0,0,0,0.0,0.0,205698774.0,0.0,0
251,JOR,COL,0.0,0,1,0,0,0,0,0,0,0,0,0,0,0,0,0,0,0,0,0,0,0,0,0,0,0.0,0.0,41434619.0,0.0,0
252,JOR,MEX,0.0,0,1,0,0,0,0,0,0,0,0,0,0,0,0,0,0,0,0,0,0,0,0,0,0,6.0,0.0,48832352.0,0.0,0
253,JOR,ESP,0.0,0,1,0,0,0,0,0,0,0,0,0,0,0,0,0,0,0,0,0,0,0,0,0,0,6.0,0.0,335000765.0,0.0,0
254,KAZ,ARG,0.0,0,1,0,0,0,0,0,0,0,0,0,0,0,0,0,0,0,0,0,0,0,0,0,0,0.0,0.0,0.0,0.0,0
255,KAZ,COL,0.0,0,1,0,0,0,0,0,0,0,0,0,0,0,0,0,0,0,0,0,0,0,0,0,0,0.0,0.0,0.0,0.0,0
256,KAZ,MEX,0.0,0,1,0,0,0,0,0,0,0,0,0,0,0,0,0,0,0,0,0,0,0,0,0,0,0.0,0.0,0.0,0.0,0
257,KAZ,ESP,0.0,0,1,0,0,0,0,0,0,0,0,0,0,0,0,0,0,0,0,0,0,0,0,0,0,6.0,0.0,0.0,0.0,0
258,KEN,ARG,0.0,0,0,0,1,0,0,0,0,0,0,0,0,0,0,1,0,1,0,0,1,0,1,0,0,6.0,0.0,129513332.0,0.0,0
259,KEN,COL,0.0,0,0,0,1,0,0,0,0,0,0,0,0,0,0,1,0,1,0,0,1,0,1,0,0,6.0,0.0,3836898.0,0.0,0
260,KEN,MEX,5.655991810819852,0,0,0,1,0,0,0,0,0,0,0,0,0,0,1,0,1,0,0,1,0,1,0,0,6.0,0.0,51565588.0,0.0,0
261,KEN,ESP,0.0,0,0,0,1,0,0,0,0,0,0,0,0,0,0,1,0,1,0,0,1,0,1,0,0,6.0,0.0,162740984.0,0.0,0
262,KOR,ARG,0.0,0,0,0,0,0,0,0,0,0,1,0,0,0,1,0,0,0,0,0,1,0,1,0,0,0.0,31.217721278732,0.0,0.0,0
263,KOR,COL,0.0,0,0,0,0,0,0,0,0,0,1,0,0,0,1,0,0,0,0,0,1,0,1,0,0,0.0,7.83040594446561,0.0,0.0,0
264,KOR,MEX,0.0,0,0,0,0,0,0,0,0,0,1,0,1,0,0,0,0,0,0,0,1,0,1,0,0,0.0,339.678606145085,0.0,0.0,0
265,KOR,ESP,0.0,0,0,0,0,0,0,0,0,0,1,0,1,0,0,0,0,0,0,0,1,0,1,0,0,0.0,1276.53502750428,0.0,0.0,0
266,LVA,ARG,0.0,0,0,1,0,0,0,0,0,0,0,0,0,0,0,0,0,0,0,0,1,0,1,0,0,0.0,14.7257268429243,81876178.0,0.0,0
267,LVA,COL,0.0,0,0,1,0,0,0,0,0,0,0,0,0,0,0,0,0,0,0,0,1,0,1,0,0,0.0,2.12198750053723,8180580.0,0.0,0
268,LVA,MEX,0.0,0,0,1,0,0,0,0,0,0,0,0,0,0,0,0,0,0,0,0,1,0,1,0,0,0.0,19.496182781731,50238959.0,0.0,0
269,LVA,ESP,0.0,0,0,1,0,0,0,0,0,1,0,0,0,0,0,0,0,0,0,0,1,0,1,0,0,6.0,55.5599471431471,507770559.0,0.0,0
270,LBN,ARG,0.0,0,1,0,0,0,0,0,0,0,0,0,0,0,0,0,0,0,0,0,0,0,0,0,0,6.0,2.58939219490321,102045158.0,0.0,0
271,LBN,COL,0.0,0,1,0,0,0,0,0,0,0,0,0,0,0,0,0,0,0,0,0,0,0,0,0,0,6.0,0.143805710669041,52170502.0,0.0,0
272,LBN,MEX,0.0,0,1,0,0,0,0,0,0,0,0,0,0,0,0,0,0,0,0,0,0,0,0,0,0,6.0,1.45581742066176,7980521.0,0.0,0
273,LBN,ESP,0.0,0,1,0,0,0,0,0,0,0,0,0,0,0,0,0,0,0,0,0,0,0,0,0,0,6.0,90.6738836047181,339610496.0,0.0,0
274,LSO,ARG,0.0,0,0,0,1,0,0,0,0,0,0,0,0,0,0,1,0,1,0,0,1,0,1,0,0,0.0,0.0,0.0,0.0,0
275,LSO,COL,0.0,0,0,0,1,0,0,0,0,0,0,0,0,0,0,1,0,1,0,0,1,0,1,0,0,0.0,0.0,0.0,0.0,0
276,LSO,MEX,0.0,0,0,0,1,0,0,0,0,0,0,0,0,0,0,1,0,1,0,0,1,0,1,0,0,0.0,0.0,0.0,0.0,0
277,LSO,ESP,0.0,0,0,0,1,0,0,0,0,0,0,0,0,0,0,1,0,1,0,0,1,0,1,0,0,0.0,0.0,0.0,0.0,0
278,LBR,ARG,0.0,0,0,0,1,0,0,0,0,0,0,0,0,0,0,0,0,0,0,0,1,0,1,0,0,0.0,0.0,1516000.0,0.0,0
279,LBR,COL,0.0,0,0,0,1,0,0,0,0,0,0,0,0,0,0,0,0,0,0,0,1,0,1,0,0,0.0,0.0,690287.0,0.0,0
280,LBR,MEX,0.0,0,0,0,1,0,0,0,0,0,0,0,0,0,0,0,0,0,0,0,1,0,1,0,0,0.0,0.0,3955000.0,0.0,0
281,LBR,ESP,0.0,0,0,0,1,0,0,0,0,0,0,0,0,0,0,0,0,0,0,0,1,0,1,0,0,0.0,0.0,14409945.0,0.0,0
282,LTU,ARG,0.0,0,0,1,0,0,0,0,0,0,0,0,0,0,0,1,0,1,0,0,1,0,1,0,0,0.0,0.94533454429432,40621169.0,0.0,0
283,LTU,COL,0.0,0,0,1,0,0,0,0,0,0,0,0,0,0,0,1,0,1,0,0,1,0,1,0,0,0.0,1.29609064543706,8093664.0,0.0,0
284,LTU,MEX,0.0,0,0,1,0,0,0,0,0,0,0,0,0,0,0,1,0,1,0,0,1,0,1,0,0,0.0,15.0752686834742,68547321.0,0.0,0
285,LTU,ESP,0.0,0,0,1,0,0,0,0,0,1,0,0,0,0,0,1,0,1,0,0,1,0,1,0,0,6.0,13.9923229351527,840482651.0,0.0,0
286,LUX,ARG,0.0,0,0,1,0,0,0,0,0,0,0,0,0,0,0,0,0,0,0,0,1,0,1,0,0,0.0,1858.88262869071,5698118.0,0.0,0
287,LUX,COL,0.0,0,0,1,0,0,0,0,0,0,0,0,0,0,0,0,0,0,0,0,1,0,1,0,0,0.0,786.968735608887,3958033.0,0.0,0
288,LUX,MEX,0.0,0,0,1,0,0,0,0,0,0,0,0,0,0,0,0,0,0,0,0,1,0,1,0,0,0.0,3920.61703076586,121192056.0,0.0,0
289,LUX,ESP,0.0,0,0,1,0,0,0,0,0,1,0,0,0,0,0,0,0,0,0,0,1,0,1,0,0,6.0,19241.4899133945,856668221.0,0.0,0
290,MKD,ARG,0.0,0,0,1,0,0,0,0,0,0,0,0,0,0,0,1,0,1,0,0,1,0,1,0,0,0.0,0.0,0.0,0.0,0
291,MKD,COL,0.0,0,0,1,0,0,0,0,0,0,0,0,0,0,0,1,0,1,0,0,1,0,1,0,0,0.0,0.0,0.0,0.0,0
292,MKD,MEX,0.0,0,0,1,0,0,0,0,0,0,0,0,0,0,0,1,0,1,0,0,1,0,1,0,0,0.0,0.0,0.0,0.0,0
293,MKD,ESP,0.0,0,0,1,0,0,0,0,0,1,0,0,0,0,0,1,0,1,0,0,1,0,1,0,0,0.0,0.0,0.0,0.0,0
294,MDG,ARG,0.0,0,0,0,1,0,0,0,0,0,0,0,0,0,0,1,0,1,0,0,1,0,1,0,0,0.0,0.0,0.0,0.0,0
295,MDG,COL,0.0,0,0,0,1,0,0,0,0,0,0,0,0,0,0,1,0,1,0,0,1,0,1,0,0,0.0,0.0,0.0,0.0,0
296,MDG,MEX,0.0,0,0,0,1,0,0,0,0,0,0,0,0,0,0,1,0,1,0,0,1,0,1,0,0,0.0,0.0,0.0,0.0,0
297,MDG,ESP,0.0,0,0,0,1,0,0,0,0,0,0,0,0,0,0,1,0,1,0,0,1,0,1,0,0,0.0,0.0,0.0,0.0,0
298,MWI,ARG,0.0,0,0,0,1,0,0,0,0,0,0,0,0,0,0,1,0,1,0,0,1,0,1,0,0,0.0,0.0,0.0,0.0,0
299,MWI,COL,0.0,0,0,0,1,0,0,0,0,0,0,0,0,0,0,1,0,1,0,0,1,0,1,0,0,0.0,0.0,0.0,0.0,0
300,MWI,MEX,0.0,0,0,0,1,0,0,0,0,0,0,0,0,0,0,1,0,1,0,0,1,0,1,0,0,0.0,0.0,712993.0,0.0,0
301,MWI,ESP,0.0,0,0,0,1,0,0,0,0,0,0,0,0,0,0,1,0,1,0,0,1,0,1,0,0,0.0,0.0,24757528.0,0.0,0
302,MYS,ARG,0.0,0,1,0,0,0,0,0,0,0,0,0,0,0,0,1,0,1,0,0,1,0,1,0,0,6.0,1.09534103383414,1067395112.0,0.0,0
303,MYS,COL,0.0,0,1,0,0,0,0,0,0,0,0,0,0,0,0,1,0,1,0,0,1,0,1,0,0,6.0,0.000493681825899,157242429.0,0.0,0
304,MYS,MEX,0.0,0,1,0,0,0,0,0,0,0,0,0,0,0,0,1,0,1,0,0,1,0,1,0,0,6.0,0.0036896756813898,13054383155.0,0.0,0
305,MYS,ESP,0.0,0,1,0,0,0,0,0,0,0,0,0,0,0,0,1,0,1,0,0,1,0,1,0,0,6.0,7.72127429017706,1336551134.0,0.0,0
306,MLI,ARG,0.0,0,0,0,1,0,0,0,0,0,0,0,0,0,0,0,0,0,0,0,0,0,0,0,0,0.0,0.0,2018000.0,0.0,0
307,MLI,COL,0.0,0,0,0,1,0,0,0,0,0,0,0,0,0,0,0,0,0,0,0,0,0,0,0,0,0.0,0.0,189720.0,0.0,0
308,MLI,MEX,0.0,0,0,0,1,0,0,0,0,0,0,0,0,0,0,0,0,0,0,0,0,0,0,0,0,0.0,0.0,6853000.0,0.0,0
309,MLI,ESP,0.0,0,0,0,1,0,0,0,0,0,0,0,0,0,0,0,0,0,0,0,0,0,0,0,0,6.0,0.0,70891205.0,0.0,0
310,MLT,ARG,0.0,0,0,1,0,0,0,0,0,0,0,0,0,0,0,0,0,0,0,0,1,0,1,0,0,0.0,0.615578626190453,800532.0,0.0,0
311,MLT,COL,0.0,0,0,1,0,0,0,0,0,0,0,0,0,0,0,0,0,0,0,0,1,0,1,0,0,0.0,0.0301291952489882,13651880.0,0.0,0
312,MLT,MEX,0.0,0,0,1,0,0,0,0,0,0,0,0,0,0,0,0,0,0,0,0,1,0,1,0,0,0.0,37.7153756315085,60658778.0,0.0,0
313,MLT,ESP,0.0,0,0,1,0,0,0,0,0,1,0,0,0,0,0,0,0,0,0,0,1,0,1,0,0,6.0,1753.61938753893,502084820.0,0.0,0
314,MRT,ARG,0.0,0,0,0,1,0,0,0,0,0,0,0,0,0,0,0,0,0,0,0,0,0,0,0,0,0.0,0.0,0.0,0.0,0
315,MRT,COL,0.0,0,0,0,1,0,0,0,0,0,0,0,0,0,0,0,0,0,0,0,0,0,0,0,0,0.0,0.0,0.0,0.0,0
316,MRT,MEX,0.0,0,0,0,1,0,0,0,0,0,0,0,0,0,0,0,0,0,0,0,0,0,0,0,0,0.0,0.0,0.0,0.0,0
317,MRT,ESP,0.0,0,0,0,1,0,0,0,0,0,0,0,0,0,0,0,0,0,0,0,0,0,0,0,0,6.0,0.0,0.0,0.0,0
318,MUS,ARG,0.0,0,0,0,1,0,0,0,0,0,0,0,0,0,0,1,0,1,0,0,1,0,1,0,0,0.0,11.05731543544,50733172.0,0.0,0
319,MUS,COL,0.0,0,0,0,1,0,0,0,0,0,0,0,0,0,0,1,0,1,0,0,1,0,1,0,0,0.0,20.5358713262538,15012.0,0.0,0
320,MUS,MEX,0.0,0,0,0,1,0,0,0,0,0,0,0,0,0,0,1,0,1,0,0,1,0,1,0,0,0.0,48.2590709941929,6956373.0,0.0,0
321,MUS,ESP,0.0,0,0,0,1,0,0,0,0,0,0,0,0,0,0,1,0,1,0,0,1,0,1,0,0,0.0,46.0257059949924,210139492.0,0.0,0
322,MEX,ARG,2.995732273553991,0,0,0,0,0,1,0,0,0,1,0,0,0,1,1,0,1,0,0,1,0,1,0,0,6.0,457.977239598688,1738033000.0,0.0,1
323,MEX,COL,0.0,0,0,0,0,0,1,0,0,0,1,0,0,0,1,1,0,1,0,0,1,0,1,0,0,6.0,13.3576199119013,4741114142.0,0.0,1
324,MEX,ESP,2.995732273553991,0,0,0,0,0,1,0,0,0,1,0,1,0,0,1,0,1,0,0,1,0,1,0,0,6.0,492.630007018597,10768807902.0,0.0,1
325,MDA,ARG,0.0,0,0,0,0,0,0,0,0,0,0,0,0,0,0,0,0,0,0,0,1,0,1,0,0,0.0,0.0,0.0,0.0,0
326,MDA,COL,0.0,0,0,0,0,0,0,0,0,0,0,0,0,0,0,0,0,0,0,0,1,0,1,0,0,0.0,0.0,0.0,0.0,0
327,MDA,MEX,0.0,0,0,0,0,0,0,0,0,0,0,0,0,0,0,0,0,0,0,0,1,0,1,0,0,0.0,0.0,0.0,0.0,0
328,MDA,ESP,0.0,0,0,0,0,0,0,0,0,0,0,0,0,0,0,0,0,0,0,0,1,0,1,0,0,6.0,0.0,0.0,0.0,0
329,MNG,ARG,0.0,0,1,0,0,0,0,0,0,0,0,0,0,0,0,0,0,0,0,0,1,0,1,0,0,0.0,0.0,1345000.0,0.0,0
330,MNG,COL,0.0,0,1,0,0,0,0,0,0,0,0,0,0,0,0,0,0,0,0,0,1,0,1,0,0,0.0,0.0,514514.0,0.0,0
331,MNG,MEX,0.0,0,1,0,0,0,0,0,0,0,0,0,0,0,0,0,0,0,0,0,1,0,1,0,0,0.0,0.0,1166000.0,0.0,0
332,MNG,ESP,0.0,0,1,0,0,0,0,0,0,0,0,0,0,0,0,0,0,0,0,0,1,0,1,0,0,0.0,0.0,6211395.0,0.0,0
333,MNE,ARG,0.0,0,0,1,0,0,0,0,0,0,0,0,0,0,0,0,0,0,0,0,1,0,1,0,0,0.0,0.0,1130000.0,0.0,0
334,MNE,COL,0.0,0,0,1,0,0,0,0,0,0,0,0,0,0,0,0,0,0,0,0,1,0,1,0,0,0.0,0.0,364189.0,0.0,0
335,MNE,MEX,0.0,0,0,1,0,0,0,0,0,0,0,0,0,0,0,0,0,0,0,0,1,0,1,0,0,0.0,0.0,2389488.0,0.0,0
336,MNE,ESP,0.0,0,0,1,0,0,0,0,0,1,0,0,0,0,0,0,0,0,0,0,1,0,1,0,0,0.0,0.0,27152008.0,0.0,0
337,MAR,ARG,0.0,0,0,0,1,0,0,0,0,0,0,0,0,0,0,1,0,1,0,0,1,0,1,0,0,6.0,0.0174250803971523,722489910.0,0.0,0
338,MAR,COL,0.0,0,0,0,1,0,0,0,0,0,0,0,0,0,0,1,0,1,0,0,1,0,1,0,0,6.0,0.0,33025688.0,0.0,0
339,MAR,MEX,0.0,0,0,0,1,0,0,0,0,0,0,0,0,0,0,1,0,1,0,0,1,0,1,0,0,6.0,0.005299049117533,529722985.0,0.0,0
340,MAR,ESP,0.0,1,0,0,1,0,0,0,0,0,0,0,0,0,0,1,0,1,0,0,1,0,1,0,0,6.0,168.560600781035,15019757806.0,0.0,0
341,MOZ,ARG,0.0,0,0,0,1,0,0,0,0,0,0,0,0,0,0,1,0,1,0,0,0,0,0,0,0,6.0,0.0,0.0,0.0,0
342,MOZ,COL,0.0,0,0,0,1,0,0,0,0,0,0,0,0,0,0,1,0,1,0,0,0,0,0,0,0,0.0,0.0,0.0,0.0,0
343,MOZ,MEX,0.0,0,0,0,1,0,0,0,0,0,0,0,0,0,0,1,0,1,0,0,0,0,0,0,0,0.0,0.0,0.0,0.0,0
344,MOZ,ESP,1.0986122886681098,0,0,0,1,0,0,0,0,0,0,0,0,0,0,1,0,1,0,0,0,0,0,0,0,6.0,0.0,0.0,0.0,0
345,MMR,ARG,0.0,0,1,0,0,0,0,0,0,0,0,0,0,0,0,1,0,1,0,0,0,0,0,0,0,0.0,0.0,17432998.0,0.0,0
346,MMR,COL,0.0,0,1,0,0,0,0,0,0,0,0,0,0,0,0,1,0,1,0,0,0,0,0,0,0,0.0,0.0,6350720.0,0.0,0
347,MMR,MEX,0.0,0,1,0,0,0,0,0,0,0,0,0,0,0,0,1,0,1,0,0,0,0,0,0,0,0.0,0.0,87444001.0,0.0,0
348,MMR,ESP,0.0,0,1,0,0,0,0,0,0,0,0,0,0,0,0,1,0,1,0,0,0,0,0,0,0,0.0,0.0,550661778.0,0.0,0
349,NAM,ARG,0.0,0,0,0,1,0,0,0,0,0,0,0,0,0,0,1,0,1,0,0,1,0,1,0,0,0.0,0.0,1189.0,0.0,0
350,NAM,COL,0.0,0,0,0,1,0,0,0,0,0,0,0,0,0,0,1,0,1,0,0,1,0,1,0,0,0.0,0.0,174895.0,0.0,0
351,NAM,MEX,0.0,0,0,0,1,0,0,0,0,0,0,0,0,0,0,1,0,1,0,0,1,0,1,0,0,0.0,0.0,101866178.0,0.0,0
352,NAM,ESP,0.0,0,0,0,1,0,0,0,0,0,0,0,0,0,0,1,0,1,0,0,1,0,1,0,0,6.0,0.0,303768614.0,0.0,0
353,NPL,ARG,0.0,0,1,0,0,0,0,0,0,0,0,0,0,0,0,0,0,0,0,0,1,0,1,0,0,0.0,0.0,2976585.0,0.0,0
354,NPL,COL,0.0,0,1,0,0,0,0,0,0,0,0,0,0,0,0,0,0,0,0,0,1,0,1,0,0,0.0,0.0,88627.0,0.0,0
355,NPL,MEX,0.0,0,1,0,0,0,0,0,0,0,0,0,0,0,0,0,0,0,0,0,1,0,1,0,0,0.0,0.0,9621698.0,0.0,0
356,NPL,ESP,0.0,0,1,0,0,0,0,0,0,0,0,0,0,0,0,0,0,0,0,0,1,0,1,0,0,0.0,0.0,5930627.0,0.0,0
357,NLD,ARG,0.0,0,0,1,0,0,0,0,0,0,1,0,0,0,1,0,0,0,0,0,1,0,1,0,0,6.0,2715.61724323779,0.0,0.0,0
358,NLD,COL,0.0,0,0,1,0,0,0,0,0,0,1,0,0,0,1,0,0,0,0,0,1,0,1,0,0,6.0,415.305667293673,0.0,0.0,0
359,NLD,MEX,0.0,0,0,1,0,0,0,0,0,0,1,0,1,0,0,0,0,0,0,0,1,0,1,0,0,6.0,6174.64301732352,0.0,0.0,0
360,NLD,ESP,0.0,0,0,1,0,0,0,0,0,1,1,0,1,0,0,0,0,0,0,0,1,0,1,0,0,6.0,5473.6360476062,0.0,0.0,0
361,NIC,ARG,0.0,0,0,0,0,0,1,0,0,0,0,0,0,0,0,1,0,1,0,0,0,0,0,0,0,6.0,0.0,44086318.0,0.0,1
362,NIC,COL,0.0,0,0,0,0,0,1,0,0,0,0,0,0,0,0,1,0,1,0,0,0,0,0,0,0,6.0,0.0,37746911.0,0.0,1
363,NIC,MEX,0.0,0,0,0,0,0,1,0,0,1,0,0,0,0,0,1,0,1,0,0,0,0,0,0,0,6.0,0.0,1258268790.0,0.0,1
364,NIC,ESP,0.0,0,0,0,0,0,1,0,0,0,0,0,0,0,0,1,0,1,0,0,0,0,0,0,0,6.0,0.0,57704157.0,0.0,1
365,NER,ARG,0.0,0,0,0,1,0,0,0,0,0,0,0,0,0,0,0,0,0,0,0,0,0,0,0,0,0.0,0.0,1491000.0,0.0,0
366,NER,COL,0.0,0,0,0,1,0,0,0,0,0,0,0,0,0,0,0,0,0,0,0,0,0,0,0,0,0.0,0.0,276205.0,0.0,0
367,NER,MEX,0.0,0,0,0,1,0,0,0,0,0,0,0,0,0,0,0,0,0,0,0,0,0,0,0,0,0.0,0.0,1544000.0,0.0,0
368,NER,ESP,0.0,0,0,0,1,0,0,0,0,0,0,0,0,0,0,0,0,0,0,0,0,0,0,0,0,6.0,0.0,27144811.0,0.0,0
369,NGA,ARG,0.0,0,0,0,1,0,0,0,0,0,0,0,0,0,0,1,0,1,0,0,0,0,0,0,0,6.0,0.0,118130000.0,0.0,0
370,NGA,COL,0.0,0,0,0,1,0,0,0,0,0,0,0,0,0,0,1,0,1,0,0,0,0,0,0,0,0.0,0.0,11331462.0,0.0,0
371,NGA,MEX,0.0,0,0,0,1,0,0,0,0,0,0,0,0,0,0,1,0,1,0,0,0,0,0,0,0,6.0,0.0,80763000.0,0.0,0
372,NGA,ESP,0.0,0,0,0,1,0,0,0,0,0,0,0,0,0,0,1,0,1,0,0,0,0,0,0,0,6.0,0.0,3285585824.0,0.0,0
373,NOR,ARG,0.0,0,0,1,0,0,0,0,0,0,0,0,0,0,0,0,0,0,0,0,1,0,1,0,0,6.0,96.4866777107631,57274085.0,0.0,0
374,NOR,COL,0.0,0,0,1,0,0,0,0,0,0,0,0,0,0,0,0,0,0,0,0,1,0,1,0,0,6.0,447.175937187784,97369184.0,0.0,0
375,NOR,MEX,0.0,0,0,1,0,0,0,0,0,0,0,0,0,0,0,0,0,0,0,0,1,0,1,0,0,6.0,990.310925731744,389908775.0,0.0,0
376,NOR,ESP,0.0,0,0,1,0,0,0,0,0,1,0,0,0,0,0,0,0,0,0,0,1,0,1,0,0,4.0,1032.58669589828,3021819472.0,0.0,0
377,PAK,ARG,4.68213122712422,0,1,0,0,0,0,0,0,0,0,0,0,0,0,0,0,0,0,0,0,0,0,0,0,4.0,0.0,156147959.0,0.0,0
378,PAK,COL,0.0,0,1,0,0,0,0,0,0,0,0,0,0,0,0,0,0,0,0,0,0,0,0,0,0,0.0,0.0,28452821.0,0.0,0
379,PAK,MEX,4.562771575190906,0,1,0,0,0,0,0,0,0,0,0,0,0,0,0,0,0,0,0,0,0,0,0,0,6.0,0.0,358062066.0,0.0,0
380,PAK,ESP,4.68213122712422,0,1,0,0,0,0,0,0,0,0,0,0,0,0,0,0,0,0,0,0,0,0,0,0,6.0,0.0,996471816.0,0.0,0
381,PAN,ARG,0.0,0,0,0,0,0,1,0,0,0,0,0,0,0,0,1,0,1,0,0,1,0,1,0,0,6.0,247.352630819805,163512724.0,0.0,1
382,PAN,COL,0.0,1,0,0,0,0,1,0,0,0,0,0,0,0,0,1,0,1,0,0,1,0,1,0,0,6.0,245.007841165203,1435485963.0,0.0,1
383,PAN,MEX,0.0,0,0,0,0,0,1,0,0,1,0,0,0,0,0,1,0,1,0,0,1,0,1,0,0,6.0,8.39908703725322,1218371363.0,0.0,1
384,PAN,ESP,0.0,0,0,0,0,0,1,0,0,0,0,0,0,0,0,1,0,1,0,0,1,0,1,0,0,6.0,7.19284782101239,456647767.0,0.0,1
385,PNG,ARG,0.0,0,0,0,0,1,0,0,0,0,0,0,0,0,0,1,0,1,0,0,1,0,1,0,0,0.0,0.0,36000.0,0.0,0
386,PNG,COL,0.0,0,0,0,0,1,0,0,0,0,0,0,0,0,0,1,0,1,0,0,1,0,1,0,0,0.0,0.0,263886.0,0.0,0
387,PNG,MEX,2.995732273553991,0,0,0,0,1,0,0,0,0,0,0,0,0,0,1,0,1,0,0,1,0,1,0,0,0.0,0.0,715025.0,0.0,0
388,PNG,ESP,2.995732273553991,0,0,0,0,1,0,0,0,0,0,0,0,0,0,1,0,1,0,0,1,0,1,0,0,0.0,0.0,56631930.0,0.0,0
389,PRY,ARG,0.0,1,0,0,0,0,0,1,0,1,0,0,0,0,0,1,0,1,0,0,1,0,1,0,0,6.0,0.0,3880258839.0,0.0,1
390,PRY,COL,0.0,0,0,0,0,0,0,1,0,1,0,0,0,0,0,1,0,1,0,0,1,0,1,0,0,6.0,0.0,82187218.0,0.0,1
391,PRY,MEX,0.0,0,0,0,0,0,0,1,0,0,0,0,0,0,0,1,0,1,0,0,1,0,1,0,0,6.0,0.0,334896634.0,0.0,1
392,PRY,ESP,0.0,0,0,0,0,0,0,1,0,0,0,0,0,0,0,1,0,1,0,0,1,0,1,0,0,6.0,0.0,237749127.0,0.0,1
393,PER,ARG,2.772588722239781,0,0,0,0,0,0,1,0,1,0,0,0,0,0,1,0,1,0,0,1,0,1,0,0,6.0,0.0,3153442279.0,0.0,0
394,PER,COL,2.772588722239781,1,0,0,0,0,0,1,0,1,0,0,0,0,0,1,0,1,0,0,1,0,1,0,0,6.0,0.0,2369021497.0,0.0,0
395,PER,MEX,2.884160497896886,0,0,0,0,0,0,1,0,0,0,0,0,0,0,1,0,1,0,0,1,0,1,0,0,6.0,0.0,3612320835.0,0.0,0
396,PER,ESP,2.9885340944793404,0,0,0,0,0,0,1,0,0,0,0,0,0,0,1,0,1,0,0,1,0,1,0,0,6.0,0.0,2350815613.0,0.0,0
397,PRT,ARG,0.0,0,0,1,0,0,0,0,0,0,0,0,0,0,0,1,0,1,0,0,1,0,1,0,0,6.0,43.2693120747083,160032247.0,0.0,0
398,PRT,COL,0.0,0,0,1,0,0,0,0,0,0,0,0,0,0,0,1,0,1,0,0,1,0,1,0,0,6.0,32.7730816409207,101873805.0,0.0,0
399,PRT,MEX,0.0,0,0,1,0,0,0,0,0,0,0,0,0,0,0,1,0,1,0,0,1,0,1,0,0,6.0,123.721603389574,809695124.0,0.0,0
400,PRT,ESP,0.0,1,0,1,0,0,0,0,0,1,0,0,0,0,0,1,0,1,0,0,1,0,1,0,0,6.0,28008.3577713814,39798940607.0,0.0,0
401,ROU,ARG,0.0,0,0,1,0,0,0,0,0,0,0,0,0,0,0,1,0,1,0,0,1,0,1,0,0,6.0,0.136315348409034,73009343.0,0.0,0
402,ROU,COL,0.0,0,0,1,0,0,0,0,0,0,0,0,0,0,0,1,0,1,0,0,1,0,1,0,0,4.0,0.0,97291014.0,0.0,0
403,ROU,MEX,0.0,0,0,1,0,0,0,0,0,0,0,0,0,0,0,1,0,1,0,0,1,0,1,0,0,6.0,1.43386133959631,781616209.0,0.0,0
404,ROU,ESP,0.0,0,0,1,0,0,0,0,0,1,0,0,0,0,0,1,0,1,0,0,1,0,1,0,0,6.0,92.0,4535082826.0,0.0,0
405,RUS,ARG,2.995732273553991,0,0,0,0,0,0,0,0,0,1,0,0,0,1,1,0,1,0,0,0,0,0,0,0,6.0,46.1951970759188,0.0,0.0,0
406,RUS,COL,2.995732273553991,0,0,0,0,0,0,0,0,0,1,0,0,0,1,1,0,1,0,0,0,0,0,0,0,6.0,29.3177289350323,0.0,0.0,0
407,RUS,MEX,2.995732273553991,0,0,0,0,0,0,0,0,0,1,0,1,0,0,1,0,1,0,0,0,0,0,0,0,6.0,189.298946191022,0.0,0.0,0
408,RUS,ESP,0.0,0,0,0,0,0,0,0,0,0,1,0,1,0,0,1,0,1,0,0,0,0,0,0,0,6.0,1383.2923501245,0.0,0.0,0
409,RWA,ARG,0.0,0,0,0,1,0,0,0,0,0,0,0,0,0,0,1,0,1,0,0,0,0,0,0,0,0.0,0.0,0.0,0.0,0
410,RWA,COL,0.0,0,0,0,1,0,0,0,0,0,0,0,0,0,0,1,0,1,0,0,0,0,0,0,0,0.0,0.0,13812.0,0.0,0
411,RWA,MEX,2.1972245773362196,0,0,0,1,0,0,0,0,0,0,0,0,0,0,1,0,1,0,0,0,0,0,0,0,0.0,0.0,1009000.0,0.0,0
412,RWA,ESP,0.0,0,0,0,1,0,0,0,0,0,0,0,0,0,0,1,0,1,0,0,0,0,0,0,0,0.0,0.0,6664160.0,0.0,0
413,SEN,ARG,0.0,0,0,0,1,0,0,0,0,0,0,0,0,0,0,1,0,1,0,0,1,0,1,0,0,6.0,0.0,79773568.0,0.0,0
414,SEN,COL,0.0,0,0,0,1,0,0,0,0,0,0,0,0,0,0,1,0,1,0,0,1,0,1,0,0,0.0,0.0,4394897.0,0.0,0
415,SEN,MEX,0.0,0,0,0,1,0,0,0,0,0,0,0,0,0,0,1,0,1,0,0,1,0,1,0,0,0.0,0.0,56181275.0,0.0,0
416,SEN,ESP,0.0,0,0,0,1,0,0,0,0,0,0,0,0,0,0,1,0,1,0,0,1,0,1,0,0,6.0,0.0,521509505.0,0.0,0
417,SLE,ARG,0.0,0,0,0,1,0,0,0,0,0,0,0,0,0,0,0,0,0,0,0,0,0,0,0,0,0.0,0.0,740187.0,0.0,0
418,SLE,COL,0.0,0,0,0,1,0,0,0,0,0,0,0,0,0,0,0,0,0,0,0,0,0,0,0,0,0.0,0.0,1331448.0,0.0,0
419,SLE,MEX,0.0,0,0,0,1,0,0,0,0,0,0,0,0,0,0,0,0,0,0,0,0,0,0,0,0,0.0,0.0,9233000.0,0.0,0
420,SLE,ESP,0.0,0,0,0,1,0,0,0,0,0,0,0,0,0,0,0,0,0,0,0,0,0,0,0,0,0.0,0.0,14874824.0,0.0,0
421,SVN,ARG,0.6931471805599453,0,0,1,0,0,0,0,0,0,0,0,0,0,0,0,0,0,0,0,1,0,1,0,0,6.0,1.06101740109269,0.0,0.0,0
422,SVN,COL,0.0,0,0,1,0,0,0,0,0,0,0,0,0,0,0,0,0,0,0,0,1,0,1,0,0,0.0,2.10556486182909,0.0,0.0,0
423,SVN,MEX,0.6931471805599453,0,0,1,0,0,0,0,0,0,0,0,0,0,0,0,0,0,0,0,1,0,1,0,0,0.0,5.00257951189612,0.0,0.0,0
424,SVN,ESP,0.6931471805599453,0,0,1,0,0,0,0,0,1,0,0,0,0,0,0,0,0,0,0,1,0,1,0,0,6.0,55.6493088507026,0.0,0.0,0
425,ZAF,ARG,0.0,0,0,0,1,0,0,0,0,0,0,0,0,0,0,1,0,1,0,0,1,0,1,0,0,6.0,19.2651582598889,842492135.0,0.0,0
426,ZAF,MEX,0.0,0,0,0,1,0,0,0,0,0,0,0,0,0,0,1,0,1,0,0,1,0,1,0,0,6.0,2.48517172232058,1366497567.0,0.0,0
427,ZAF,ESP,0.0,0,0,0,1,0,0,0,0,0,0,0,0,0,0,1,0,1,0,0,1,0,1,0,0,6.0,83.7301455141659,3736751025.0,0.0,0
428,ESP,ARG,2.890371757896164,0,0,1,0,0,0,0,0,0,1,0,0,0,1,1,0,1,0,0,1,0,1,0,0,6.0,482.024167443445,1883611753.0,0.0,1
429,ESP,COL,2.8903717578961645,0,0,1,0,0,0,0,0,0,1,0,0,0,1,1,0,1,0,0,1,0,1,0,0,6.0,1245.48413369036,1349213005.0,0.0,1
430,ESP,MEX,2.8903717578961636,0,0,1,0,0,0,0,0,0,1,0,1,0,0,1,0,1,0,0,1,0,1,0,0,6.0,636.363463619743,10768807902.0,0.0,1
431,LKA,ARG,0.0,0,1,0,0,0,0,0,0,0,0,0,0,0,0,1,0,1,0,0,1,0,1,0,0,0.0,0.0,13237514.0,0.0,0
432,LKA,COL,0.0,0,1,0,0,0,0,0,0,0,0,0,0,0,0,1,0,1,0,0,1,0,1,0,0,0.0,0.0,17787833.0,0.0,0
433,LKA,MEX,0.0,0,1,0,0,0,0,0,0,0,0,0,0,0,0,1,0,1,0,0,1,0,1,0,0,0.0,0.0,334758299.0,0.0,0
434,LKA,ESP,0.0,0,1,0,0,0,0,0,0,0,0,0,0,0,0,1,0,1,0,0,1,0,1,0,0,0.0,0.0,149764400.0,0.0,0
435,SDN,ARG,0.0,0,0,0,1,0,0,0,0,0,0,0,0,0,0,1,0,1,0,0,0,0,0,0,0,0.0,0.0,2706002.0,0.0,0
436,SDN,COL,0.0,0,0,0,1,0,0,0,0,0,0,0,0,0,0,1,0,1,0,0,0,0,0,0,0,0.0,0.0,47137.0,0.0,0
437,SDN,MEX,0.0,0,0,0,1,0,0,0,0,0,0,0,0,0,0,1,0,1,0,0,0,0,0,0,0,0.0,0.0,3138783.0,0.0,0
438,SDN,ESP,0.0,0,0,0,1,0,0,0,0,0,0,0,0,0,0,1,0,1,0,0,0,0,0,0,0,6.0,0.0,41813274.0,0.0,0
439,SUR,ARG,0.0,0,0,0,0,0,0,1,0,1,0,0,0,0,0,1,0,1,0,0,1,0,1,0,0,0.0,0.0,663000.0,0.0,0
440,SUR,COL,0.0,0,0,0,0,0,0,1,0,1,0,0,0,0,0,1,0,1,0,0,1,0,1,0,0,0.0,0.0,6235646.0,0.0,0
441,SUR,MEX,0.0,0,0,0,0,0,0,1,0,0,0,0,0,0,0,1,0,1,0,0,1,0,1,0,0,0.0,0.0,6136610.0,0.0,0
442,SUR,ESP,0.0,0,0,0,0,0,0,1,0,0,0,0,0,0,0,1,0,1,0,0,1,0,1,0,0,0.0,0.0,11371990.0,0.0,0
443,SWE,ARG,0.6931471805599453,0,0,1,0,0,0,0,0,0,1,0,0,0,1,0,0,0,0,0,1,0,1,0,0,6.0,115.503595249469,158972442.0,0.0,0
444,SWE,COL,0.0,0,0,1,0,0,0,0,0,0,1,0,0,0,1,0,0,0,0,0,1,0,1,0,0,6.0,5.53220169043213,161052301.0,0.0,0
445,SWE,MEX,0.6931471805599453,0,0,1,0,0,0,0,0,0,1,0,1,0,0,0,0,0,0,0,1,0,1,0,0,6.0,208.652104768552,1563303248.0,0.0,0
446,SWE,ESP,0.0,0,0,1,0,0,0,0,0,1,1,0,1,0,0,0,0,0,0,0,1,0,1,0,0,6.0,248.059972857663,5783662594.0,0.0,0
447,CHE,ARG,0.0,0,0,1,0,0,0,0,0,0,1,0,0,0,1,0,0,0,0,0,1,0,1,0,0,6.0,314.273053907674,1568497054.0,0.0,0
448,CHE,COL,0.0,0,0,1,0,0,0,0,0,0,1,0,0,0,1,0,0,0,0,0,1,0,1,0,0,6.0,3156.36177491618,663351509.0,0.0,0
449,CHE,MEX,0.0,0,0,1,0,0,0,0,0,0,1,0,1,0,0,0,0,0,0,0,1,0,1,0,0,6.0,1337.45752221349,3749499015.0,0.0,0
450,CHE,ESP,0.0,0,0,1,0,0,0,0,0,1,1,0,1,0,0,0,0,0,0,0,1,0,1,0,0,6.0,1853.10576695475,13255002249.0,0.0,0
451,TJK,ARG,0.0,0,1,0,0,0,0,0,0,0,0,0,0,0,0,0,0,0,0,0,0,0,0,0,0,0.0,0.0,0.0,0.0,0
452,TJK,COL,0.0,0,1,0,0,0,0,0,0,0,0,0,0,0,0,0,0,0,0,0,0,0,0,0,0,0.0,0.0,0.0,0.0,0
453,TJK,MEX,0.0,0,1,0,0,0,0,0,0,0,0,0,0,0,0,0,0,0,0,0,0,0,0,0,0,0.0,0.0,0.0,0.0,0
454,TJK,ESP,0.0,0,1,0,0,0,0,0,0,0,0,0,0,0,0,0,0,0,0,0,0,0,0,0,0,0.0,0.0,0.0,0.0,0
455,TZA,ARG,0.0,0,0,0,1,0,0,0,0,0,0,0,0,0,0,1,0,1,0,0,1,0,1,0,0,0.0,0.0,0.0,0.0,0
456,TZA,COL,0.0,0,0,0,1,0,0,0,0,0,0,0,0,0,0,1,0,1,0,0,1,0,1,0,0,0.0,0.0,0.0,0.0,0
457,TZA,MEX,0.0,0,0,0,1,0,0,0,0,0,0,0,0,0,0,1,0,1,0,0,1,0,1,0,0,0.0,0.0,0.0,0.0,0
458,TZA,ESP,0.0,0,0,0,1,0,0,0,0,0,0,0,0,0,0,1,0,1,0,0,1,0,1,0,0,6.0,0.0,0.0,0.0,0
459,THA,ARG,0.0,0,1,0,0,0,0,0,0,0,0,0,0,0,0,1,0,1,0,0,1,0,1,0,0,6.0,140.409410131883,1285695628.0,0.0,0
460,THA,COL,0.0,0,1,0,0,0,0,0,0,0,0,0,0,0,0,1,0,1,0,0,1,0,1,0,0,6.0,2.37348095041802,218789508.0,0.0,0
461,THA,MEX,0.0,0,1,0,0,0,0,0,0,0,0,0,0,0,0,1,0,1,0,0,1,0,1,0,0,6.0,182.117544320094,7991047741.0,0.0,0
462,THA,ESP,0.0,0,1,0,0,0,0,0,0,0,0,0,0,0,0,1,0,1,0,0,1,0,1,0,0,6.0,2.06534675747631,1321088984.0,0.0,0
463,TGO,ARG,0.0,0,0,0,1,0,0,0,0,0,0,0,0,0,0,1,0,1,0,0,0,0,0,0,0,0.0,0.0,6827000.0,0.0,0
464,TGO,COL,0.0,0,0,0,1,0,0,0,0,0,0,0,0,0,0,1,0,1,0,0,0,0,0,0,0,0.0,0.0,1383262.0,0.0,0
465,TGO,MEX,0.0,0,0,0,1,0,0,0,0,0,0,0,0,0,0,1,0,1,0,0,0,0,0,0,0,0.0,0.0,958000.0,0.0,0
466,TGO,ESP,0.0,0,0,0,1,0,0,0,0,0,0,0,0,0,0,1,0,1,0,0,0,0,0,0,0,0.0,0.0,51716978.0,0.0,0
467,TTO,ARG,0.0,0,0,0,0,0,1,0,0,0,0,0,0,0,0,1,0,1,0,0,1,0,1,0,0,6.0,0.0,25096926.0,0.0,0
468,TTO,COL,0.0,0,0,0,0,0,1,0,0,0,0,0,0,0,0,1,0,1,0,0,1,0,1,0,0,6.0,0.0,155483660.0,0.0,0
469,TTO,MEX,0.0,0,0,0,0,0,1,0,0,1,0,0,0,0,0,1,0,1,0,0,1,0,1,0,0,6.0,0.0,462566399.0,0.0,0
470,TTO,ESP,0.0,0,0,0,0,0,1,0,0,0,0,0,0,0,0,1,0,1,0,0,1,0,1,0,0,6.0,0.0,199548541.0,0.0,0
471,TUN,ARG,0.0,0,0,0,1,0,0,0,0,0,0,0,0,0,0,1,0,1,0,0,1,0,1,0,0,6.0,0.0,110581514.0,0.0,0
472,TUN,COL,0.0,0,0,0,1,0,0,0,0,0,0,0,0,0,0,1,0,1,0,0,1,0,1,0,0,0.0,0.0,3866020.0,0.0,0
473,TUN,MEX,0.0,0,0,0,1,0,0,0,0,0,0,0,0,0,0,1,0,1,0,0,1,0,1,0,0,0.0,0.0,90788324.0,0.0,0
474,TUN,ESP,0.0,0,0,0,1,0,0,0,0,0,0,0,0,0,0,1,0,1,0,0,1,0,1,0,0,6.0,0.0,1327172417.0,0.0,0
475,UGA,ARG,0.0,0,0,0,1,0,0,0,0,0,0,0,0,0,0,1,0,1,0,0,1,0,1,0,0,0.0,0.0,30906000.0,0.0,0
476,UGA,COL,0.0,0,0,0,1,0,0,0,0,0,0,0,0,0,0,1,0,1,0,0,1,0,1,0,0,0.0,0.0,2235136.0,0.0,0
477,UGA,MEX,0.0,0,0,0,1,0,0,0,0,0,0,0,0,0,0,1,0,1,0,0,1,0,1,0,0,0.0,0.0,17898000.0,0.0,0
478,UGA,ESP,0.0,0,0,0,1,0,0,0,0,0,0,0,0,0,0,1,0,1,0,0,1,0,1,0,0,0.0,0.0,78582532.0,0.0,0
479,UKR,ARG,0.0,0,0,1,0,0,0,0,0,0,0,0,0,0,0,0,0,0,0,0,1,0,1,0,0,6.0,0.0297491778897601,36140307.0,0.0,0
480,UKR,COL,0.0,0,0,1,0,0,0,0,0,0,0,0,0,0,0,0,0,0,0,0,1,0,1,0,0,0.0,0.0,62878500.0,0.0,0
481,UKR,MEX,0.0,0,0,1,0,0,0,0,0,0,0,0,0,0,0,0,0,0,0,0,1,0,1,0,0,6.0,0.0134181319585378,223316589.0,0.0,0
482,UKR,ESP,0.0,0,0,1,0,0,0,0,0,1,0,0,0,0,0,0,0,0,0,0,1,0,1,0,0,6.0,33.0277060177381,1827544276.0,0.0,0
483,GBR,ARG,1.0986122886681096,0,0,1,0,0,0,0,0,0,1,0,0,0,1,0,0,0,0,0,1,0,1,0,0,6.0,0.0,986870954.0,0.0,0
484,GBR,COL,1.0986122886681098,0,0,1,0,0,0,0,0,0,1,0,0,0,1,0,0,0,0,0,1,0,1,0,0,6.0,0.0,888100508.0,0.0,0
485,GBR,MEX,1.0986122886681096,0,0,1,0,0,0,0,0,0,1,0,1,0,0,0,0,0,0,0,1,0,1,0,0,4.0,0.0,5754187260.0,0.0,0
486,GBR,ESP,1.0986122886681098,0,0,1,0,0,0,0,0,1,1,0,1,0,0,0,0,0,0,0,1,0,1,0,0,4.0,0.0,31111145478.0,0.0,0
487,USA,ARG,2.9957322735539904,0,0,0,0,0,1,0,0,0,1,0,0,0,1,1,0,1,0,0,1,0,1,0,0,6.0,6144.84456346687,9213948997.0,0.0,0
488,USA,COL,2.995732273553991,0,0,0,0,0,1,0,0,0,1,0,0,0,1,1,0,1,0,0,1,0,1,0,0,6.0,3084.86156980478,21527800264.0,0.0,0
489,USA,MEX,2.995732273553991,1,0,0,0,0,1,0,0,1,1,0,1,0,0,1,0,1,0,0,1,0,1,0,0,6.0,9860.0162096266,719134992902.0,0.0,0
490,USA,ESP,2.995732273553991,0,0,0,0,0,1,0,0,0,1,0,1,0,0,1,0,1,0,0,1,0,1,0,0,6.0,11911.5154465057,26853756653.0,0.0,0
491,URY,ARG,0.0,1,0,0,0,0,0,1,0,1,0,0,0,0,0,1,0,1,0,0,1,0,1,0,0,6.0,0.0,1443850832.0,0.0,1
492,URY,COL,0.0,0,0,0,0,0,0,1,0,1,0,0,0,0,0,1,0,1,0,0,1,0,1,0,0,6.0,0.0,65858020.0,0.0,1
493,URY,MEX,0.0,0,0,0,0,0,0,1,0,0,0,0,0,0,0,1,0,1,0,0,1,0,1,0,0,6.0,0.0,597117269.0,0.0,1
494,URY,ESP,0.0,0,0,0,0,0,0,1,0,0,0,0,0,0,0,1,0,1,0,0,1,0,1,0,0,6.0,0.0,273060651.0,0.0,1
495,UZB,ARG,1.6094379124341003,0,1,0,0,0,0,0,0,0,0,0,0,0,0,1,0,1,0,0,0,0,0,0,0,0.0,0.0,0.0,0.0,0
496,UZB,COL,0.0,0,1,0,0,0,0,0,0,0,0,0,0,0,0,1,0,1,0,0,0,0,0,0,0,0.0,0.0,0.0,0.0,0
497,UZB,MEX,0.0,0,1,0,0,0,0,0,0,0,0,0,0,0,0,1,0,1,0,0,0,0,0,0,0,0.0,0.0,0.0,0.0,0
498,UZB,ESP,0.0,0,1,0,0,0,0,0,0,0,0,0,0,0,0,1,0,1,0,0,0,0,0,0,0,6.0,0.0,0.0,0.0,0
499,VNM,ARG,0.0,0,1,0,0,0,0,0,0,0,0,0,0,0,0,1,0,1,0,0,0,0,0,0,0,0.0,0.0,3417918625.0,0.0,0
500,VNM,COL,0.0,0,1,0,0,0,0,0,0,0,0,0,0,0,0,1,0,1,0,0,0,0,0,0,0,0.0,0.0,479880464.0,0.0,0
501,VNM,MEX,0.0,0,1,0,0,0,0,0,0,0,0,0,0,0,0,1,0,1,0,0,0,0,0,0,0,0.0,0.0,9917337742.0,0.0,0
502,VNM,ESP,0.0,0,1,0,0,0,0,0,0,0,0,0,0,0,0,1,0,1,0,0,0,0,0,0,0,0.0,0.0,2642889070.0,0.0,0
503,YEM,ARG,0.0,0,1,0,0,0,0,0,0,0,0,0,0,0,0,1,0,1,0,0,0,0,0,0,0,0.0,0.0,0.0,0.0,0
504,YEM,COL,0.0,0,1,0,0,0,0,0,0,0,0,0,0,0,0,1,0,1,0,0,0,0,0,0,0,0.0,0.0,0.0,0.0,0
505,YEM,MEX,2.3978952727983707,0,1,0,0,0,0,0,0,0,0,0,0,0,0,1,0,1,0,0,0,0,0,0,0,0.0,0.0,0.0,0.0,0
506,YEM,ESP,0.0,0,1,0,0,0,0,0,0,0,0,0,0,0,0,1,0,1,0,0,0,0,0,0,0,6.0,0.0,0.0,0.0,0
507,ZMB,ARG,0.0,0,0,0,1,0,0,0,0,0,0,0,0,0,0,1,0,1,0,0,1,0,1,0,0,0.0,0.0,900698.0,0.0,0
508,ZMB,COL,0.0,0,0,0,1,0,0,0,0,0,0,0,0,0,0,1,0,1,0,0,1,0,1,0,0,0.0,0.0,920.0,0.0,0
509,ZMB,MEX,2.995732273553991,0,0,0,1,0,0,0,0,0,0,0,0,0,0,1,0,1,0,0,1,0,1,0,0,0.0,0.0,2174946.0,0.0,0
510,ZMB,ESP,0.0,0,0,0,1,0,0,0,0,0,0,0,0,0,0,1,0,1,0,0,1,0,1,0,0,0.0,0.0,13432577.0,0.0,0
