,event_country,report_country,art_num
0,IDN,IDN,1.7714234605908072
1,IDN,KHM,0.963457252632055
2,IDN,IND,1.7073309917850812
3,IDN,CAN,1.0535606099894246
4,IDN,ISR,1.0296291782065354
5,IDN,USA,1.7377000439899348
6,IDN,NGA,1.3871061828256563
7,IDN,TWN,0.6931471805599453
8,IDN,AUS,1.2475065965731822
9,IDN,GBR,1.3670209263968656
10,IDN,MAC,0.6931471805599453
11,IDN,SGP,0.963457252632055
12,IDN,MYS,1.5268872896504138
13,IDN,VNM,0.6931471805599453
14,IDN,MLT,0.6931471805599453
15,IDN,NZL,0.6931471805599453
16,IDN,MEX,0.6931471805599453
17,IDN,ZAF,1.2167418844880338
18,IDN,CHN,0.6931471805599453
19,IDN,BGD,0.8958797346140276
20,IDN,UZB,0.6931471805599453
21,IDN,BRN,0.6931471805599453
22,IDN,IRN,0.6931471805599453
23,IDN,TUR,0.6931471805599453
24,IDN,THA,0.6931471805599453
25,IDN,NPL,0.9634572526320548
26,IDN,BGR,0.6931471805599453
27,IDN,AZE,1.0986122886681098
28,IDN,JPN,0.6931471805599453
29,IDN,PHL,1.2526588235240639
30,IDN,PAK,0.6931471805599453
31,IDN,LAO,0.6931471805599453
32,IDN,QAT,1.0986122886681098
33,IDN,IRL,0.6931471805599453
34,IDN,ARE,0.6931471805599453
35,IDN,HKG,0.6931471805599453
36,IDN,CYP,0.6931471805599453
37,CZE,CZE,2.0794415416798357
38,CZE,MYS,0.6931471805599453
39,CZE,USA,0.6931471805599453
40,CZE,BHR,0.6931471805599453
41,CZE,GBR,1.3862943611198906
42,CZE,IND,1.0986122886681098
43,CZE,ARE,0.6931471805599453
44,CZE,TWN,0.6931471805599453
45,CZE,FRA,0.6931471805599453
46,SLV,SGP,2.833213344056216
47,SLV,PHL,1.791759469228055
48,SLV,RUS,0.6931471805599453
49,SLV,USA,3.044522437723423
50,SLV,AUS,1.3862943611198906
51,SLV,IRL,1.3862943611198906
52,SLV,DEU,0.6931471805599453
53,SLV,GBR,2.0794415416798357
54,SLV,BRA,2.302585092994046
55,SLV,FRA,0.6931471805599453
56,SLV,MYS,0.6931471805599453
57,SLV,HTI,0.6931471805599453
58,SLV,EGY,1.0986122886681098
59,SLV,PAK,1.3862943611198906
60,SLV,BLZ,0.6931471805599453
61,SLV,NGA,1.791759469228055
62,SLV,CUB,1.0986122886681098
63,SLV,TWN,1.3862943611198906
64,SLV,CAN,1.6094379124341003
65,SLV,IND,1.6094379124341003
66,SLV,CHN,0.6931471805599453
67,SLV,LBN,0.6931471805599453
68,SLV,NPL,1.0986122886681098
69,SLV,ZAF,1.0986122886681098
70,SLV,MEX,0.6931471805599453
71,SLV,BGD,0.6931471805599453
72,SLV,CUW,0.6931471805599453
73,IND,IND,6.855800804643515
74,IND,NPL,3.696736385411341
75,IND,PAK,3.3558760850136222
76,IND,LBN,0.6931471805599453
77,IND,TUR,0.9634572526320548
78,IND,BGD,4.509247386749661
79,IND,USA,5.036753867455516
80,IND,TWN,1.4261797660592692
81,IND,KNA,0.6931471805599453
82,IND,NGA,3.7612001156935624
83,IND,RUS,2.70805020110221
84,IND,NZL,1.3862943611198906
85,IND,AUS,3.560100923432532
86,IND,SGP,3.6401733962833145
87,IND,VCT,0.6931471805599453
88,IND,CYP,1.3862943611198906
89,IND,PHL,2.833213344056216
90,IND,JPN,1.6094379124341003
91,IND,ZAF,4.1431347263915335
92,IND,CAN,3.401197381662156
93,IND,FRA,1.3862943611198906
94,IND,GBR,3.9721992174998
95,IND,THA,2.0794415416798357
96,IND,ZWE,0.6931471805599453
97,IND,MEX,2.6390573296152584
98,IND,ISR,1.0986122886681098
99,IND,BRA,1.0986122886681098
100,IND,KEN,2.302585092994046
101,IND,MMR,2.5649493574615367
102,IND,SAU,1.3862943611198906
103,IND,DEU,1.791759469228055
104,IND,MYS,2.0794415416798357
105,IND,BRN,1.0986122886681098
106,IND,ARE,0.6931471805599453
107,IND,KAZ,1.6094379124341003
108,IND,COL,0.6931471805599453
109,IND,VNM,1.0986122886681098
110,IND,FJI,1.3862943611198906
111,IND,IRL,1.9459101490553132
112,IND,JAM,1.6094379124341003
113,IND,CHN,1.3862943611198906
114,IND,IDN,0.6931471805599453
115,IND,KWT,0.6931471805599453
116,IND,BTN,1.3862943611198906
117,IND,TJK,0.6931471805599453
118,IND,VAT,1.3862943611198906
119,IND,PNG,0.6931471805599453
120,IND,SYC,1.0986122886681098
121,IND,VUT,0.6931471805599453
122,IND,TON,0.6931471805599453
123,IND,ARM,0.6931471805599453
124,IND,WSM,0.6931471805599453
125,IND,GHA,0.6931471805599453
126,IND,AZE,0.6931471805599453
127,IND,KGZ,1.0986122886681098
128,IND,TKM,0.6931471805599453
129,IND,AFG,0.9634572526320548
130,IND,MWI,0.6931471805599453
131,IND,AGO,1.0986122886681098
132,IND,GRD,0.6931471805599453
133,IND,BRB,0.6931471805599453
134,IND,VEN,0.6931471805599453
135,IND,EGY,0.6931471805599453
136,IND,GUY,0.6931471805599453
137,IND,IRN,0.6931471805599453
138,IND,MAC,0.6931471805599453
139,IND,QAT,1.3862943611198906
140,IND,CUB,0.6931471805599453
141,IND,UGA,0.6931471805599453
142,IRN,IRN,2.435796553927217
143,IRN,SAU,0.6931471805599453
144,IRN,MEX,1.6094379124341003
145,IRN,KGZ,0.6931471805599453
146,IRN,USA,2.707327099144671
147,IRN,BGD,1.9459101490553132
148,IRN,AZE,1.6094379124341003
149,IRN,UKR,0.6931471805599453
150,IRN,ZWE,0.6931471805599453
151,IRN,NGA,2.302585092994046
152,IRN,CAN,2.484906649788001
153,IRN,JPN,0.6931471805599453
154,IRN,IDN,0.6931471805599453
155,IRN,IND,2.484906649788001
156,IRN,SGP,1.7669440106988321
157,IRN,ZAF,1.791759469228055
158,IRN,GRC,1.0986122886681098
159,IRN,PHL,1.6094379124341003
160,IRN,TJK,0.6931471805599453
161,IRN,PAK,2.1972245773362196
162,IRN,DEU,1.0986122886681098
163,IRN,TUR,2.0794415416798357
164,IRN,GBR,2.397895272798371
165,IRN,RUS,1.0986122886681098
166,IRN,NPL,1.6094379124341003
167,IRN,ISR,1.3862943611198906
168,IRN,MYS,2.0794415416798357
169,IRN,ESP,1.0986122886681098
170,IRN,MLT,0.6931471805599453
171,IRN,CYP,1.0986122886681098
172,IRN,ARM,2.0794415416798357
173,IRN,QAT,0.6931471805599453
174,IRN,HKG,0.6931471805599453
175,IRN,LBN,1.017519267046477
176,IRN,FRA,0.6931471805599453
177,IRN,KAZ,0.6931471805599453
178,IRN,IRL,0.6931471805599453
179,IRN,THA,0.6931471805599453
180,IRN,AUS,1.0986122886681098
181,BRA,USA,1.6773076132574485
182,BRA,NZL,1.0986122886681098
183,BRA,KEN,0.6931471805599453
184,BRA,ZAF,2.5649493574615367
185,BRA,SGP,1.3143738430069454
186,BRA,IND,1.9459101490553128
187,BRA,AUS,1.0986122886681098
188,BRA,NGA,1.0986122886681098
189,BRA,PHL,0.6931471805599453
190,BRA,PAK,1.0986122886681098
191,BRA,TWN,0.6931471805599453
192,BRA,ISR,0.6931471805599453
193,BRA,ABW,0.6931471805599453
194,BRA,IRL,0.6931471805599453
195,BRA,CAN,0.6931471805599453
196,GBR,GBR,6.227461100456802
197,GBR,ZAF,3.888848725410222
198,GBR,CYP,1.2130075659799042
199,GBR,NGA,3.4735708934628566
200,GBR,USA,4.413302501264051
201,GBR,AUS,3.055778629775886
202,GBR,ESP,2.805341683508536
203,GBR,QAT,0.6931471805599453
204,GBR,PAK,2.0301048665833
205,GBR,IND,3.5263605246161616
206,GBR,RUS,2.484906649788001
207,GBR,IRL,3.367295829986474
208,GBR,ISR,2.302585092994046
209,GBR,JPN,1.6094379124341003
210,GBR,PNG,0.6931471805599453
211,GBR,CAN,2.5649493574615367
212,GBR,PHL,2.1972245773362196
213,GBR,SGP,2.484906649788001
214,GBR,MEX,1.3862943611198906
215,GBR,NZL,3.8066624897703205
216,GBR,ZWE,1.6094379124341003
217,GBR,MLT,2.0794415416798357
218,GBR,MYS,2.5649493574615367
219,GBR,KEN,1.791759469228055
220,GBR,VUT,0.6931471805599453
221,GBR,THA,1.0986122886681098
222,GBR,SAU,1.791759469228055
223,GBR,BMU,0.6931471805599453
224,GBR,DEU,0.6931471805599453
225,GBR,FJI,0.6931471805599453
226,GBR,GHA,1.0986122886681098
227,GBR,ARM,1.3862943611198906
228,GBR,IRN,1.0986122886681098
229,GBR,TWN,1.9459101490553132
230,GBR,BGD,1.0986122886681098
231,GBR,LBN,0.6931471805599453
232,GBR,ARE,1.6094379124341003
233,GBR,UGA,0.6931471805599453
234,GBR,BRB,0.6931471805599453
235,GBR,EGY,0.6931471805599453
236,GBR,BEL,1.0986122886681098
237,GBR,TON,0.6931471805599453
238,GBR,NRU,0.6931471805599453
239,GBR,ATA,1.9459101490553132
240,GBR,TUR,0.6931471805599453
241,GBR,JAM,0.6931471805599453
242,GBR,KNA,0.6931471805599453
243,GBR,NLD,1.6094379124341003
244,GBR,BHR,0.6931471805599453
245,GBR,GIB,0.6931471805599453
246,GBR,ITA,1.0986122886681098
247,GBR,AZE,0.6931471805599453
248,GBR,FRA,0.6931471805599453
249,GBR,HTI,0.6931471805599453
250,GBR,GRC,0.6931471805599453
251,TUR,SAU,1.4112227392070023
252,TUR,MEX,2.251448319826961
253,TUR,USA,4.04253758295741
254,TUR,BGD,2.0667632147917763
255,TUR,AZE,2.8048891864972085
256,TUR,UKR,0.6931471805599453
257,TUR,ZWE,0.6931471805599453
258,TUR,NGA,3.040873924773155
259,TUR,IRN,2.3366059399479733
260,TUR,CAN,2.998388768044684
261,TUR,JPN,1.3040076684760487
262,TUR,IDN,0.6931471805599453
263,TUR,IND,3.32336390508574
264,TUR,SGP,2.4526108594767524
265,TUR,RUS,1.8615258883966608
266,TUR,ZAF,3.527502115559167
267,TUR,GBR,3.639927086212812
268,TUR,GRC,1.8310204811135165
269,TUR,PHL,2.52738140898685
270,TUR,DEU,1.1748758068759728
271,TUR,TUR,3.4775886675090537
272,TUR,ISR,3.0526833829440165
273,TUR,PAK,2.484003452109218
274,TUR,MYS,2.301431513092862
275,TUR,NPL,1.4261797660592692
276,TUR,FJI,0.6931471805599453
277,TUR,AFG,1.2130075659799042
278,TUR,HKG,0.6931471805599453
279,TUR,ESP,1.4391627045121034
280,TUR,MLT,0.9634572526320548
281,TUR,CYP,1.9574937856276553
282,TUR,QAT,0.9634572526320548
283,TUR,ARM,1.5345364011177658
284,TUR,FRA,0.6931471805599453
285,TUR,LBN,2.026671563046868
286,TUR,AUS,3.0342044111471833
287,TUR,IRL,1.8964090979809645
288,TUR,THA,0.6931471805599453
289,TUR,VAT,1.0986122886681098
290,TUR,KAZ,0.6931471805599453
291,TUR,JOR,1.2130075659799042
292,TUR,SRB,0.6931471805599453
293,TUR,ARE,1.3862943611198906
294,TUR,NRU,0.6931471805599453
295,TUR,NZL,2.6390573296152584
296,TUR,LCA,0.6931471805599453
297,TUR,VUT,0.6931471805599453
298,TUR,WSM,0.6931471805599453
299,TUR,BIH,1.0986122886681098
300,TUR,SOM,0.6931471805599453
301,TUR,UGA,0.6931471805599453
302,TUR,SYR,0.6931471805599453
303,TUR,KEN,1.6094379124341003
304,TUR,TWN,1.6094379124341003
305,TUR,EGY,0.963457252632055
306,TUR,GHA,1.0986122886681098
307,TUR,KGZ,0.6931471805599453
308,TUR,MKD,0.6931471805599453
309,TUR,MDA,0.6931471805599453
310,TUR,BGR,0.6931471805599453
311,TUR,OMN,1.0986122886681098
312,TUR,MAC,1.0986122886681098
313,TUR,KWT,0.6931471805599453
314,TUR,KOR,1.0986122886681098
315,TUR,KNA,0.6931471805599453
316,TUR,TJK,0.6931471805599453
317,TUR,BRB,0.6931471805599453
318,TUR,MDV,0.6931471805599453
319,TUR,FIN,0.6931471805599453
320,TUR,JAM,0.6931471805599453
321,TUR,BLR,0.6931471805599453
322,UGA,KEN,0.6931471805599453
323,UGA,UGA,2.879170599919834
324,UGA,ZAF,0.6931471805599453
325,UGA,IND,0.6931471805599453
326,UGA,SGP,0.6931471805599453
327,UGA,MEX,0.6931471805599453
328,UGA,USA,2.0735124100255073
329,UGA,CAN,0.6931471805599453
330,UGA,SOM,0.6931471805599453
331,UGA,GBR,1.3862943611198906
332,UGA,AUS,0.6931471805599453
333,UGA,TUR,0.6931471805599453
334,UGA,TWN,0.6931471805599453
335,UGA,SDN,0.6931471805599453
336,UGA,TZA,0.6931471805599453
337,SWE,BEL,0.6931471805599453
338,SWE,PAK,1.0986122886681098
339,SWE,MYS,0.6931471805599453
340,SWE,ISR,1.0986122886681098
341,SWE,KEN,0.6931471805599453
342,SWE,RUS,0.6931471805599453
343,SWE,USA,2.0794415416798357
344,SWE,ZAF,2.1972245773362196
345,SWE,NGA,1.0986122886681098
346,SWE,GBR,2.302585092994046
347,SWE,BHR,0.6931471805599453
348,SWE,BGD,0.6931471805599453
349,SWE,AUS,0.6931471805599453
350,SWE,IND,1.6094379124341003
351,SWE,MLT,0.6931471805599453
352,SWE,FJI,0.6931471805599453
353,SWE,TWN,0.6931471805599453
354,SWE,FRA,0.6931471805599453
355,RUS,ISR,1.2130075659799042
356,RUS,USA,1.6397100536874933
357,RUS,PHL,0.6931471805599453
358,RUS,ZAF,0.6931471805599453
359,RUS,MEX,0.6931471805599453
360,RUS,IND,1.791759469228055
361,RUS,SGP,1.6094379124341003
362,RUS,AFG,0.6931471805599453
363,RUS,ARM,0.6931471805599453
364,RUS,RUS,1.791759469228055
365,RUS,CAN,1.9459101490553132
366,RUS,GBR,1.6094379124341003
367,RUS,PAK,1.3862943611198906
368,RUS,KEN,0.6931471805599453
369,RUS,IRN,0.6931471805599453
370,COD,TUR,1.6094379124341003
371,COD,NGA,1.0986122886681098
372,COD,USA,1.3862943611198906
373,COD,CAN,1.0986122886681098
374,COD,IRL,0.6931471805599453
375,COD,PAK,1.3862943611198906
376,COD,UGA,0.6931471805599453
377,COD,PHL,0.6931471805599453
378,LKA,IND,1.3862943611198906
379,LKA,NPL,1.0986122886681098
380,LKA,BGD,0.6931471805599453
381,PNG,AZE,0.6931471805599453
382,PNG,PNG,0.6931471805599453
383,PNG,GBR,0.6931471805599453
384,PNG,ISR,1.0986122886681098
385,PNG,IND,1.791759469228055
386,PNG,SGP,0.6931471805599453
387,PNG,NGA,0.6931471805599453
388,PNG,PHL,1.3862943611198906
389,PNG,PAK,0.6931471805599453
390,PNG,USA,0.6931471805599453
391,PNG,RUS,0.6931471805599453
392,HRV,VAT,1.6094379124341003
393,HRV,GBR,3.258096538021482
394,HRV,SGP,2.8903717578961645
395,HRV,USA,3.610917912644224
396,HRV,ZAF,2.397895272798371
397,HRV,NGA,3.044522437723423
398,HRV,SAU,0.6931471805599453
399,HRV,AUS,2.302585092994046
400,HRV,ITA,0.6931471805599453
401,HRV,FRA,0.6931471805599453
402,HRV,ESP,1.0986122886681098
403,HRV,PHL,1.0986122886681098
404,HRV,IRN,1.3862943611198906
405,HRV,SVN,0.6931471805599453
406,HRV,LBN,0.6931471805599453
407,HRV,COL,0.6931471805599453
408,HRV,IND,2.484906649788001
409,HRV,NZL,2.484906649788001
410,HRV,BIH,1.791759469228055
411,HRV,PAK,1.3862943611198906
412,HRV,CAN,2.484906649788001
413,HRV,RUS,1.9459101490553132
414,HRV,MYS,0.6931471805599453
415,HRV,BGR,1.3862943611198906
416,HRV,TUR,0.6931471805599453
417,HRV,ARM,2.0794415416798357
418,HRV,JPN,1.0986122886681098
419,HRV,CYP,1.791759469228055
420,HRV,ISR,1.6094379124341003
421,HRV,SUR,0.6931471805599453
422,HRV,IRL,1.9459101490553132
423,HRV,MEX,1.3862943611198906
424,HRV,KEN,0.6931471805599453
425,HRV,QAT,0.6931471805599453
426,HRV,DEU,0.6931471805599453
427,HRV,CHN,0.6931471805599453
428,HRV,SRB,1.0986122886681098
429,HRV,TWN,1.0986122886681098
430,HRV,HRV,1.0986122886681098
431,HRV,ZWE,0.6931471805599453
432,GRC,DEU,0.6931471805599453
433,GRC,ISR,1.791759469228055
434,GRC,GRC,1.6094379124341003
435,GRC,CYP,1.6094379124341003
436,GRC,USA,2.0794415416798357
437,GRC,IND,1.3862943611198906
438,GRC,GBR,1.9459101490553132
439,GRC,TUR,1.0986122886681098
440,GRC,PHL,1.0986122886681098
441,GRC,RUS,1.0986122886681098
442,GRC,NGA,0.6931471805599453
443,JPN,RUS,0.963457252632055
444,JPN,PAK,1.7107276662085193
445,JPN,USA,1.6094379124341003
446,JPN,JPN,1.5138049618708675
447,JPN,AUS,0.6931471805599453
448,JPN,CAN,0.6931471805599453
449,JPN,IND,2.308708297037415
450,JPN,SGP,1.0986122886681098
451,JPN,PHL,1.0986122886681098
452,JPN,NGA,1.2712215321391782
453,JPN,UKR,1.0986122886681098
454,JPN,MAC,0.6931471805599453
455,JPN,LBN,0.6931471805599453
456,JPN,BGR,0.6931471805599453
457,JPN,GBR,1.0986122886681098
458,JPN,ARM,0.6931471805599453
459,FRA,ZAF,2.82594993713452
460,FRA,SAU,1.6094379124341003
461,FRA,GBR,2.270947387601593
462,FRA,SGP,1.6094379124341003
463,FRA,NGA,1.7669440106988321
464,FRA,PHL,1.3862943611198906
465,FRA,ARM,0.6931471805599453
466,FRA,MYS,1.9459101490553132
467,FRA,DEU,0.6931471805599453
468,FRA,IND,1.6094379124341003
469,FRA,IRN,1.0986122886681098
470,FRA,TWN,1.0986122886681098
471,FRA,IRL,0.6931471805599453
472,FRA,USA,2.41785944541141
473,FRA,MLT,1.3862943611198906
474,FRA,TUR,0.6931471805599453
475,FRA,GHA,0.6931471805599453
476,FRA,KEN,1.3862943611198906
477,FRA,ARE,0.6931471805599453
478,FRA,AUS,1.4391627045121034
479,FRA,PAK,0.6931471805599453
480,FRA,BGD,0.6931471805599453
481,FRA,NLD,0.6931471805599453
482,FRA,LBN,0.6931471805599453
483,FRA,ITA,1.0986122886681098
484,FRA,MCO,0.6931471805599453
485,FRA,ATA,0.6931471805599453
486,FRA,CAN,0.6931471805599453
487,FRA,FRA,0.9634572526320548
488,FRA,RUS,0.6931471805599453
489,FRA,TCD,0.6931471805599453
490,USA,NGA,3.845274398426599
491,USA,USA,5.682774739814823
492,USA,RUS,2.1537079814683
493,USA,CAN,3.550058319009382
494,USA,GBR,3.3821925817033223
495,USA,VIR,1.977502119602598
496,USA,AUS,3.182919057266303
497,USA,SGP,2.491169554282622
498,USA,IND,2.848135502366041
499,USA,TWN,1.8191348081423915
500,USA,BGD,1.5259851743248625
501,USA,IDN,1.2153839504850776
502,USA,MYS,1.8166013657175095
503,USA,MEX,1.7380976279206315
504,USA,DEU,0.9972460116410686
505,USA,ISR,2.089827819646513
506,USA,ESP,0.6931471805599453
507,USA,ZAF,2.770165332914477
508,USA,COL,0.6931471805599453
509,USA,GHA,1.106057431687969
510,USA,PHL,1.5862064054880032
511,USA,NZL,3.321789775876878
512,USA,PAK,2.2034470825976387
513,USA,ARG,0.6931471805599453
514,USA,SAU,1.3862943611198906
515,USA,NPL,0.6931471805599453
516,USA,IRL,2.2912704450770263
517,USA,CYP,0.8958797346140275
518,USA,QAT,0.8958797346140276
519,USA,IRN,0.8283022165960001
520,USA,ATA,0.963457252632055
521,USA,DMA,0.6931471805599453
522,USA,TUR,0.9634572526320548
523,USA,VAT,1.0986122886681098
524,USA,JPN,0.924841528050325
525,USA,CUB,0.6931471805599453
526,USA,BRA,0.6931471805599453
527,USA,KAZ,0.6931471805599453
528,USA,AFG,0.9634572526320548
529,USA,JAM,1.0544436502969659
530,USA,KNA,0.6931471805599453
531,USA,ARE,0.8553332238032111
532,USA,PRI,0.9972460116410686
533,USA,BHS,0.6931471805599453
534,USA,EGY,0.6931471805599453
535,USA,LBN,1.017519267046477
536,USA,FRA,0.6931471805599453
537,USA,THA,0.6931471805599453
538,USA,TON,0.6931471805599453
539,USA,KEN,1.0986122886681098
540,USA,PNG,0.6931471805599453
541,USA,HKG,0.963457252632055
542,USA,WSM,0.6931471805599453
543,USA,ZWE,0.6931471805599453
544,USA,CHN,0.6931471805599453
545,USA,MWI,0.6931471805599453
546,USA,NRU,0.6931471805599453
547,USA,VUT,0.6931471805599453
548,USA,MAC,0.6931471805599453
549,USA,BMU,0.6931471805599453
550,USA,SYC,1.3862943611198906
551,USA,UGA,0.6931471805599453
552,USA,TZA,0.6931471805599453
553,USA,VGB,0.6931471805599453
554,USA,NLD,0.6931471805599453
555,USA,BGR,0.6931471805599453
556,USA,HTI,0.6931471805599453
557,USA,BRB,0.6931471805599453
558,MWI,MWI,1.0986122886681098
559,PRI,NGA,2.982047213685662
560,PRI,LBN,0.6931471805599453
561,PRI,USA,5.492653430946189
562,PRI,BRB,1.7669440106988321
563,PRI,GHA,0.6931471805599453
564,PRI,RUS,1.4391627045121034
565,PRI,AUS,2.141641301750636
566,PRI,GBR,3.410769912623212
567,PRI,DOM,0.9634572526320548
568,PRI,CAN,3.524409090328647
569,PRI,VIR,2.335593360685663
570,PRI,PRI,2.604752452013639
571,PRI,IND,3.1388922533374557
572,PRI,MSR,0.6931471805599453
573,PRI,ABW,0.6931471805599453
574,PRI,VGB,0.9634572526320548
575,PRI,KNA,2.484906649788001
576,PRI,MYS,2.397895272798371
577,PRI,ATA,0.6931471805599453
578,PRI,ISR,3.3322045101752034
579,PRI,PAK,1.791759469228055
580,PRI,PHL,2.5649493574615367
581,PRI,GRD,1.3862943611198906
582,PRI,CYP,0.6931471805599453
583,PRI,VCT,1.0986122886681098
584,PRI,NZL,3.5553480614894135
585,PRI,ZAF,3.13549421592915
586,PRI,SGP,1.9459101490553132
587,PRI,JAM,2.302585092994046
588,PRI,MEX,2.6390573296152584
589,PRI,TWN,1.791759469228055
590,PRI,IRN,1.3862943611198906
591,PRI,BGD,1.0986122886681098
592,PRI,BGR,1.0986122886681098
593,PRI,KAZ,0.6931471805599453
594,PRI,DMA,1.9459101490553132
595,PRI,LCA,1.791759469228055
596,PRI,MDV,1.3862943611198906
597,PRI,VAT,1.0986122886681098
598,PRI,CUB,1.3862943611198906
599,PRI,IRL,0.6931471805599453
600,PRI,BHS,0.6931471805599453
601,PRI,VNM,0.6931471805599453
602,PRI,HTI,0.6931471805599453
603,PRI,GUY,1.3862943611198906
604,PRI,HKG,0.6931471805599453
605,PRI,SXM,1.0986122886681098
606,DEU,MYS,2.1972245773362196
607,DEU,MEX,1.6094379124341003
608,DEU,ZAF,2.8903717578961645
609,DEU,PHL,1.9459101490553132
610,DEU,CAN,1.9459101490553132
611,DEU,NGA,2.397895272798371
612,DEU,ISR,1.9459101490553132
613,DEU,SGP,1.6094379124341003
614,DEU,GBR,2.9444389791664403
615,DEU,USA,3.465735902799725
616,DEU,IND,2.5649493574615367
617,DEU,SAU,1.6094379124341003
618,DEU,DEU,0.6931471805599453
619,DEU,CYP,1.3862943611198906
620,DEU,AZE,1.0986122886681098
621,DEU,THA,0.6931471805599453
622,DEU,EGY,0.6931471805599453
623,DEU,MLT,1.6094379124341003
624,DEU,IRN,1.0986122886681098
625,DEU,TWN,1.791759469228055
626,DEU,ARE,0.6931471805599453
627,DEU,TUR,0.6931471805599453
628,DEU,PAK,1.3862943611198906
629,DEU,KEN,0.6931471805599453
630,DEU,RUS,1.0986122886681098
631,DEU,NLD,0.6931471805599453
632,DEU,LBN,0.6931471805599453
633,DEU,AUS,1.0986122886681098
634,DEU,BGD,0.6931471805599453
635,DEU,IRL,1.3862943611198906
636,DEU,BGR,0.6931471805599453
637,DEU,BIH,0.6931471805599453
638,DEU,ITA,1.0986122886681098
639,DEU,ATA,0.6931471805599453
640,AFG,AFG,1.9403807725983866
641,AFG,USA,1.5138049618708675
642,AFG,IND,1.1090354888959124
643,AFG,CAN,1.4391627045121034
644,AFG,TWN,0.6931471805599453
645,AFG,AUS,1.0986122886681098
646,AFG,PAK,1.3040076684760487
647,AFG,NGA,0.9634572526320548
648,AFG,BGD,0.6931471805599453
649,AFG,TJK,0.6931471805599453
650,AFG,MMR,0.6931471805599453
651,AFG,ESP,0.6931471805599453
652,AFG,TKM,0.963457252632055
653,AFG,KAZ,0.6931471805599453
654,AFG,KGZ,0.6931471805599453
655,AFG,ARM,0.6931471805599453
656,AFG,IRL,0.6931471805599453
657,AFG,QAT,0.6931471805599453
658,AFG,MYS,0.6931471805599453
659,AFG,GBR,1.3862943611198906
660,AFG,IRN,0.6931471805599453
661,VUT,USA,3.433987204485147
662,VUT,NGA,2.0794415416798357
663,VUT,SLB,0.6931471805599453
664,VUT,RUS,1.1090354888959124
665,VUT,PHL,2.1972245773362196
666,VUT,SGP,2.70805020110221
667,VUT,ZAF,2.995732273553991
668,VUT,MEX,1.3862943611198906
669,VUT,MYS,2.302585092994046
670,VUT,THA,1.0986122886681098
671,VUT,PAK,2.141641301750636
672,VUT,GBR,3.044522437723423
673,VUT,NZL,4.1431347263915335
674,VUT,CAN,1.3862943611198906
675,VUT,GHA,0.6931471805599453
676,VUT,ESP,0.6931471805599453
677,VUT,COK,1.0986122886681098
678,VUT,AUS,3.091042453358315
679,VUT,VUT,2.5649493574615367
680,VUT,EGY,0.6931471805599453
681,VUT,TON,1.0986122886681098
682,VUT,TWN,1.6094379124341003
683,VUT,CYP,0.6931471805599453
684,VUT,IRN,0.6931471805599453
685,VUT,IND,2.397895272798371
686,VUT,BGD,1.0986122886681098
687,VUT,FJI,1.9459101490553132
688,VUT,SYC,1.0986122886681098
689,VUT,TUR,0.6931471805599453
690,VUT,DEU,0.6931471805599453
691,VUT,ARE,0.6931471805599453
692,VUT,KEN,0.6931471805599453
693,VUT,WSM,0.6931471805599453
694,SVN,NZL,0.6931471805599453
695,SVN,BHR,0.6931471805599453
696,SVN,ZAF,0.6931471805599453
697,SVN,GBR,1.0986122886681098
698,SVN,IRL,0.6931471805599453
699,SVN,IND,1.0986122886681098
700,SVN,TWN,0.6931471805599453
701,SVN,NGA,0.6931471805599453
702,NZL,NZL,4.473801016956035
703,NZL,USA,2.0301048665833
704,NZL,AUS,0.6931471805599453
705,NZL,ARM,0.6931471805599453
706,NZL,SGP,1.0986122886681098
707,NZL,RUS,0.6931471805599453
708,NZL,ISR,0.6931471805599453
709,NZL,IND,1.3862943611198906
710,NZL,CAN,0.6931471805599453
711,NZL,NGA,0.6931471805599453
712,NZL,ARE,0.6931471805599453
713,NZL,AZE,0.6931471805599453
714,NZL,IRL,0.6931471805599453
715,NZL,GBR,0.6931471805599453
716,ESP,ESP,5.087596335232384
717,ESP,GBR,3.9889840465642745
718,ESP,GIB,2.995732273553991
719,ESP,SGP,2.484906649788001
720,ESP,USA,3.713572066704308
721,ESP,ZAF,2.1972245773362196
722,ESP,MYS,2.0794415416798357
723,ESP,ISR,2.0794415416798357
724,ESP,AZE,1.9459101490553132
725,ESP,PHL,1.6094379124341003
726,ESP,CAN,2.70805020110221
727,ESP,AUS,2.397895272798371
728,ESP,PAK,1.0986122886681098
729,ESP,DEU,0.6931471805599453
730,ESP,ROU,0.6931471805599453
731,ESP,NGA,2.1972245773362196
732,ESP,MAC,0.6931471805599453
733,ESP,IND,1.9459101490553132
734,ESP,ARM,0.6931471805599453
735,ESP,IRN,1.0986122886681098
736,ESP,IRL,1.3862943611198906
737,ESP,RUS,1.0986122886681098
738,ESP,NZL,2.397895272798371
739,ESP,LBN,1.0986122886681098
740,ESP,CUB,1.0986122886681098
741,ESP,FIN,0.6931471805599453
742,ESP,NPL,1.0986122886681098
743,ESP,TUR,1.0986122886681098
744,ESP,BGR,0.6931471805599453
745,ESP,ZWE,0.6931471805599453
746,ESP,KEN,1.0986122886681098
747,ESP,ATA,0.6931471805599453
748,ESP,CYP,0.6931471805599453
749,SLB,IND,1.9775021196025975
750,SLB,SGP,2.0301048665833
751,SLB,NZL,2.5724620631428903
752,SLB,JPN,0.6931471805599453
753,SLB,PHL,2.083680946752967
754,SLB,USA,2.7909965249538597
755,SLB,GBR,2.141641301750636
756,SLB,NGA,1.9775021196025975
757,SLB,PAK,1.6086574211167033
758,SLB,CAN,1.2130075659799042
759,SLB,BGD,0.9634572526320548
760,SLB,RUS,0.6931471805599453
761,SLB,ISR,0.6931471805599453
762,SLB,LBN,0.6931471805599453
763,SLB,SLB,2.5649493574615367
764,SLB,FJI,0.6931471805599453
765,SLB,VUT,1.6094379124341003
766,SLB,WSM,1.0986122886681098
767,SLB,NRU,1.0986122886681098
768,SLB,AUS,1.791759469228055
769,SLB,PNG,0.6931471805599453
770,SLB,ZAF,2.70805020110221
771,SLB,MYS,2.302585092994046
772,SLB,QAT,0.6931471805599453
773,SLB,IRL,0.6931471805599453
774,SLB,MEX,0.6931471805599453
775,SLB,TON,1.0986122886681098
776,SLB,THA,1.0986122886681098
777,SLB,EGY,0.6931471805599453
778,SLB,TWN,1.0986122886681098
779,SLB,IRN,0.6931471805599453
780,SLB,SYC,1.0986122886681098
781,SLB,KEN,0.6931471805599453
782,CHN,IND,2.3687328589969248
783,CHN,USA,2.3425564886579653
784,CHN,BIH,0.6931471805599453
785,CHN,NGA,1.7494195697706612
786,CHN,CHN,2.1528243380955305
787,CHN,MEX,0.6931471805599453
788,CHN,RUS,0.6931471805599453
789,CHN,ISR,1.0986122886681098
790,CHN,TUR,0.6931471805599453
791,CHN,JPN,0.6931471805599453
792,CHN,PHL,1.4112227392070023
793,CHN,KAZ,0.6931471805599453
794,CHN,CAN,1.8607425796896289
795,CHN,MYS,0.8958797346140275
796,CHN,GBR,1.0397207708399179
797,CHN,PAK,1.3325890582332236
798,CHN,KGZ,0.6931471805599453
799,CHN,KOR,0.6931471805599453
800,CHN,SGP,1.2872733353256127
801,CHN,TWN,0.6931471805599453
802,CHN,ZAF,1.9459101490553132
803,CHN,VNM,0.6931471805599453
804,CHN,BGD,1.4391627045121034
805,CHN,FJI,0.6931471805599453
806,CHN,LBN,1.0986122886681098
807,CHN,KEN,0.6931471805599453
808,CHN,MWI,0.6931471805599453
809,CHN,GUY,0.6931471805599453
810,CHN,MAC,1.0986122886681098
811,CHN,AUS,0.6931471805599453
812,CHN,NPL,0.6931471805599453
813,CHN,THA,0.6931471805599453
814,CHN,LAO,0.6931471805599453
815,CAN,CAN,4.955827057601261
816,CAN,USA,2.0794415416798357
817,CAN,SGP,0.6931471805599453
818,CAN,MEX,0.6931471805599453
819,CAN,AUS,1.791759469228055
820,ZMB,ZMB,3.6249532037629915
821,ZMB,CYP,0.6931471805599453
822,ZMB,NGA,0.6931471805599453
823,ZMB,ZWE,1.791759469228055
824,ZMB,ZAF,1.9459101490553132
825,ZMB,IND,0.6931471805599453
826,ZMB,PHL,0.6931471805599453
827,ZMB,SGP,0.6931471805599453
828,ZMB,GBR,1.791759469228055
829,ZMB,PAK,0.6931471805599453
830,ZMB,USA,1.0986122886681098
831,ZMB,KEN,1.0986122886681098
832,ZMB,OMN,0.6931471805599453
833,ZMB,GUY,0.6931471805599453
834,ZMB,AUS,0.6931471805599453
835,UZB,KGZ,2.6390573296152584
836,UZB,UZB,1.791759469228055
837,UZB,IND,1.3862943611198906
838,UZB,MYS,1.0986122886681098
839,UZB,PAK,1.791759469228055
840,UZB,SGP,0.6931471805599453
841,UZB,NGA,0.6931471805599453
842,UZB,GBR,1.0986122886681098
843,UZB,PHL,0.6931471805599453
844,UZB,NPL,0.6931471805599453
845,UZB,USA,0.6931471805599453
846,UZB,MEX,0.6931471805599453
847,UZB,BGD,0.6931471805599453
848,UZB,QAT,0.6931471805599453
849,UZB,AZE,1.791759469228055
850,UZB,KAZ,2.1972245773362196
851,UZB,TKM,1.9459101490553132
852,UZB,TJK,1.6094379124341003
853,UZB,ARM,1.0986122886681098
854,UZB,TUR,0.6931471805599453
855,UZB,AFG,0.6931471805599453
856,UZB,IRN,0.6931471805599453
857,PER,PER,1.3862943611198906
858,PER,USA,0.963457252632055
859,PER,ISR,1.0986122886681098
860,PER,GBR,1.6094379124341003
861,PER,MEX,0.6931471805599453
862,PER,NGA,1.0986122886681098
863,PER,IND,0.6931471805599453
864,PER,RUS,0.6931471805599453
865,PER,SGP,0.6931471805599453
866,PHL,PHL,6.818823795346717
867,PHL,RUS,1.8964090979809645
868,PHL,USA,5.36129107817863
869,PHL,PAK,1.2872733353256127
870,PHL,MEX,2.6426236258847915
871,PHL,JPN,1.7107276662085193
872,PHL,ZAF,3.6889211766789205
873,PHL,AUS,3.0051670378671607
874,PHL,SGP,3.6708908265679825
875,PHL,TWN,2.0735124100255073
876,PHL,NPL,0.6931471805599453
877,PHL,KNA,0.6931471805599453
878,PHL,ZWE,0.6931471805599453
879,PHL,KEN,1.2712215321391782
880,PHL,NGA,4.159488885587833
881,PHL,EGY,1.2130075659799042
882,PHL,IND,4.032856323257864
883,PHL,MLT,0.6931471805599453
884,PHL,MYS,3.926735578075091
885,PHL,IRN,1.4261797660592692
886,PHL,CAN,3.6399031670422506
887,PHL,TUR,1.2130075659799042
888,PHL,GBR,4.630809278922063
889,PHL,IRL,1.8714973875118521
890,PHL,THA,2.1726217412657225
891,PHL,LBN,1.2130075659799042
892,PHL,KAZ,0.9634572526320548
893,PHL,VAT,1.7340856839585124
894,PHL,VNM,1.6086574211167033
895,PHL,BGD,2.0794415416798357
896,PHL,ISR,3.465735902799725
897,PHL,NZL,4.574710978503383
898,PHL,PNG,0.6931471805599453
899,PHL,SAU,2.5649493574615367
900,PHL,AZE,1.6094379124341003
901,PHL,GUM,1.9459101490553132
902,PHL,ATG,0.6931471805599453
903,PHL,DEU,1.0986122886681098
904,PHL,FJI,1.0986122886681098
905,PHL,JOR,0.6931471805599453
906,PHL,AGO,0.6931471805599453
907,PHL,ESP,1.791759469228055
908,PHL,MAC,0.6931471805599453
909,PHL,BGR,0.6931471805599453
910,PHL,DMA,1.0986122886681098
911,PHL,KOR,1.3862943611198906
912,PHL,ARE,1.9459101490553132
913,PHL,VCT,1.0986122886681098
914,PHL,KGZ,0.6931471805599453
915,PHL,CHN,1.3862943611198906
916,PHL,BIH,0.6931471805599453
917,PHL,HKG,1.6094379124341003
918,PHL,GHA,1.791759469228055
919,PHL,CYP,0.6931471805599453
920,PHL,JAM,0.6931471805599453
921,PHL,QAT,1.791759469228055
922,PHL,ATA,1.0986122886681098
923,PHL,IDN,1.3862943611198906
924,PHL,MNP,0.6931471805599453
925,PHL,OMN,1.3862943611198906
926,PHL,BRA,1.0986122886681098
927,PHL,MDV,0.6931471805599453
928,PHL,KHM,0.6931471805599453
929,PHL,FIN,0.6931471805599453
930,MYS,MYS,2.1972245773362196
931,ETH,ETH,0.6931471805599453
932,ETH,NGA,0.6931471805599453
933,ETH,IRL,0.6931471805599453
934,ETH,UGA,0.6931471805599453
935,VNM,USA,0.6931471805599453
936,VNM,VNM,2.017811668160825
937,VNM,AUS,0.6931471805599453
938,VNM,GBR,0.6931471805599453
939,BOL,NGA,0.6931471805599453
940,BOL,IND,1.0986122886681098
941,BOL,PHL,1.0986122886681098
942,BOL,USA,0.6931471805599453
943,MEX,USA,1.0986122886681098
944,MEX,RUS,1.0986122886681098
945,MEX,IND,1.0986122886681098
946,MEX,PAK,0.6931471805599453
947,CYM,USA,2.995732273553991
948,CYM,BGR,0.6931471805599453
949,CYM,RUS,1.0986122886681098
950,CYM,CYM,2.70805020110221
951,CYM,CAN,0.6931471805599453
952,CYM,ISR,2.397895272798371
953,CYM,SGP,1.0986122886681098
954,CYM,GBR,2.8903717578961645
955,CYM,VIR,1.3862943611198906
956,CYM,GUY,0.6931471805599453
957,CYM,BHS,1.791759469228055
958,CYM,ESP,1.6094379124341003
959,CYM,DOM,1.0986122886681098
960,CYM,MEX,1.6094379124341003
961,CYM,SXM,1.0986122886681098
962,CYM,PHL,0.6931471805599453
963,CYM,BMU,0.6931471805599453
964,CYM,ZAF,2.0794415416798357
965,CYM,IND,2.397895272798371
966,CYM,BLZ,0.6931471805599453
967,CYM,VCT,1.0986122886681098
968,CYM,BGD,0.6931471805599453
969,CYM,AUS,1.3862943611198906
970,CYM,CYP,1.0986122886681098
971,CYM,NGA,2.1972245773362196
972,CYM,NZL,0.6931471805599453
973,CYM,MYS,0.6931471805599453
974,CYM,KNA,1.0986122886681098
975,CYM,VUT,0.6931471805599453
976,CYM,DMA,1.0986122886681098
977,CYM,NRU,0.6931471805599453
978,CYM,PNG,0.6931471805599453
979,CYM,TON,0.6931471805599453
980,CYM,VNM,0.6931471805599453
981,CYM,SYC,1.0986122886681098
982,CYM,CRI,0.6931471805599453
983,CYM,JAM,1.9459101490553132
984,CYM,TWN,0.6931471805599453
985,CYM,TUR,0.6931471805599453
986,CYM,CUB,0.6931471805599453
987,CYM,PAK,0.6931471805599453
988,PAK,PAK,2.725210908159537
989,PAK,TUR,0.6931471805599453
990,PAK,IND,2.175642216139307
991,PAK,ARM,0.6931471805599453
992,PAK,USA,1.6094379124341003
993,PAK,IRL,0.6931471805599453
994,PAK,CAN,1.0986122886681098
995,PAK,NGA,1.2130075659799042
996,PAK,QAT,0.6931471805599453
997,PAK,MYS,0.6931471805599453
998,PAK,KAZ,0.6931471805599453
999,PAK,AFG,1.3862943611198906
1000,PAK,GBR,1.6094379124341003
1001,PAK,TKM,0.6931471805599453
1002,PAK,IRN,0.6931471805599453
1003,PAK,PHL,0.6931471805599453
1004,KEN,KEN,3.610917912644224
1005,KEN,ETH,0.6931471805599453
1006,KEN,NGA,1.0986122886681098
1007,KEN,GHA,0.6931471805599453
1008,KEN,UGA,0.6931471805599453
1009,KEN,MWI,0.6931471805599453
1010,KEN,USA,0.6931471805599453
1011,TON,TON,0.9634572526320548
1012,TON,SGP,1.791759469228055
1013,TON,CAN,1.0986122886681098
1014,TON,NZL,2.0794415416798357
1015,TON,GBR,1.6094379124341003
1016,TON,AUS,1.6094379124341003
1017,TON,USA,1.9459101490553132
1018,TON,PHL,1.0986122886681098
1019,TON,MYS,1.6094379124341003
1020,TON,COK,0.6931471805599453
1021,TON,VUT,0.6931471805599453
1022,TON,NGA,1.6094379124341003
1023,TON,TWN,0.6931471805599453
1024,TON,ZAF,0.6931471805599453
1025,TON,PAK,1.6094379124341003
1026,TON,MEX,0.6931471805599453
1027,TON,WSM,0.6931471805599453
1028,TON,IND,1.0986122886681098
1029,HND,USA,1.7340856839585124
1030,HND,AUS,0.6931471805599453
1031,HND,IND,1.0986122886681098
1032,HND,SGP,0.6931471805599453
1033,HND,BGD,0.6931471805599453
1034,HND,CUW,0.6931471805599453
1035,HND,PAK,0.6931471805599453
1036,HND,RUS,0.6931471805599453
1037,HND,NGA,0.6931471805599453
1038,TJK,ARM,0.6931471805599453
1039,COL,TWN,0.6931471805599453
1040,GTM,USA,3.044522437723423
1041,GTM,BRA,1.0986122886681098
1042,GTM,SGP,2.0794415416798357
1043,GTM,PHL,1.0986122886681098
1044,GTM,AUS,0.6931471805599453
1045,GTM,IRL,1.0986122886681098
1046,GTM,GBR,1.791759469228055
1047,GTM,FRA,0.6931471805599453
1048,GTM,MYS,0.6931471805599453
1049,GTM,NGA,1.0986122886681098
1050,GTM,CAN,1.3862943611198906
1051,GTM,IND,1.9459101490553132
1052,GTM,NPL,0.6931471805599453
1053,GTM,CHN,0.6931471805599453
1054,GTM,TWN,1.0986122886681098
1055,GTM,ZAF,0.6931471805599453
1056,GTM,PAK,1.0986122886681098
1057,GTM,CUB,0.6931471805599453
1058,GTM,BGD,0.6931471805599453
1059,GTM,CUW,0.6931471805599453
1060,MOZ,ZWE,0.6931471805599453
1061,YEM,YEM,1.9061547465398494
1062,YEM,USA,0.6931471805599453
1063,YEM,IRN,0.6931471805599453
1064,YEM,LBN,1.0986122886681098
1065,YEM,TUR,0.6931471805599453
1066,YEM,BGD,0.6931471805599453
1067,YEM,PAK,1.0986122886681098
1068,YEM,IND,0.6931471805599453
1069,RWA,RWA,1.2453486582906121
1070,RWA,KEN,0.6931471805599453
1071,RWA,DEU,0.6931471805599453
1072,RWA,CAN,0.6931471805599453
1073,RWA,UGA,0.6931471805599453
1074,RWA,PAK,0.6931471805599453
1075,RWA,TON,0.6931471805599453
1076,RWA,USA,1.2712215321391782
1077,RWA,NRU,0.6931471805599453
1078,RWA,WSM,0.6931471805599453
1079,RWA,IND,1.0986122886681098
1080,RWA,JPN,0.6931471805599453
1081,RWA,FJI,0.6931471805599453
1082,RWA,GBR,0.6931471805599453
1083,RWA,ZMB,0.6931471805599453
1084,RWA,MEX,0.6931471805599453
1085,RWA,ISR,1.0986122886681098
1086,RWA,EGY,0.6931471805599453
1087,RWA,NGA,0.6931471805599453
1088,RWA,MWI,0.6931471805599453
1089,BGD,NPL,3.912023005428146
1090,BGD,IND,5.616771097666572
1091,BGD,PAK,3.5553480614894135
1092,BGD,USA,5.147494476813452
1093,BGD,NGA,3.6888794541139354
1094,BGD,BGD,5.356586274672013
1095,BGD,RUS,2.302585092994046
1096,BGD,NZL,1.3862943611198906
1097,BGD,AUS,3.5263605246161616
1098,BGD,VCT,0.6931471805599453
1099,BGD,CYP,1.3862943611198906
1100,BGD,PHL,2.772588722239781
1101,BGD,SGP,3.58351893845611
1102,BGD,JPN,1.6094379124341003
1103,BGD,ZAF,4.174387269895637
1104,BGD,CAN,3.367295829986474
1105,BGD,FRA,1.3862943611198906
1106,BGD,GBR,3.9889840465642745
1107,BGD,ZWE,0.6931471805599453
1108,BGD,ISR,1.0986122886681098
1109,BGD,KEN,2.302585092994046
1110,BGD,MYS,2.1972245773362196
1111,BGD,MMR,2.5649493574615367
1112,BGD,TWN,1.6094379124341003
1113,BGD,THA,2.0794415416798357
1114,BGD,SAU,1.3862943611198906
1115,BGD,DEU,1.791759469228055
1116,BGD,MEX,2.6390573296152584
1117,BGD,ARE,0.6931471805599453
1118,BGD,BRN,1.0986122886681098
1119,BGD,KAZ,1.0986122886681098
1120,BGD,COL,0.6931471805599453
1121,BGD,VNM,1.0986122886681098
1122,BGD,FJI,1.0986122886681098
1123,BGD,IRL,1.9459101490553132
1124,BGD,QAT,1.6094379124341003
1125,BGD,CHN,1.0986122886681098
1126,BGD,BTN,0.6931471805599453
1127,BGD,VAT,1.0986122886681098
1128,BGD,PNG,0.6931471805599453
1129,BGD,SYC,1.0986122886681098
1130,BGD,VUT,0.6931471805599453
1131,BGD,TON,0.6931471805599453
1132,BGD,LBN,0.6931471805599453
1133,BGD,TUR,1.0986122886681098
1134,BGD,ARM,0.6931471805599453
1135,BGD,WSM,0.6931471805599453
1136,BGD,GHA,0.6931471805599453
1137,BGD,KNA,0.6931471805599453
1138,BGD,AGO,1.0986122886681098
1139,BGD,BRB,0.6931471805599453
1140,BGD,MWI,0.6931471805599453
1141,BGD,GRD,0.6931471805599453
1142,BGD,KGZ,0.6931471805599453
1143,BGD,VEN,0.6931471805599453
1144,BGD,JAM,1.3862943611198906
1145,BGD,GUY,0.6931471805599453
1146,BGD,IRN,0.6931471805599453
1147,BGD,MAC,0.6931471805599453
1148,BGD,CUB,0.6931471805599453
1149,FJI,CAN,1.9459101490553132
1150,FJI,FJI,3.5211534022999618
1151,FJI,AUS,2.3260714962046776
1152,FJI,USA,2.4336646574889715
1153,FJI,GBR,2.2716305942310946
1154,FJI,IND,1.811321254406828
1155,FJI,TWN,1.3862943611198906
1156,FJI,NZL,3.3472173387646906
1157,FJI,ARE,0.6931471805599453
1158,FJI,CYP,0.6931471805599453
1159,FJI,ZAF,1.791759469228055
1160,FJI,VUT,1.7669440106988321
1161,FJI,RUS,1.0986122886681098
1162,FJI,PAK,1.8614794854550079
1163,FJI,SGP,1.9459101490553132
1164,FJI,NRU,1.6086574211167033
1165,FJI,WSM,1.593717417639499
1166,FJI,NGA,1.3862943611198906
1167,FJI,MYS,1.4391627045121034
1168,FJI,KEN,0.6931471805599453
1169,FJI,MEX,1.0986122886681098
1170,FJI,QAT,0.6931471805599453
1171,FJI,PHL,1.2130075659799042
1172,FJI,TON,1.3862943611198906
1173,FJI,COK,0.6931471805599453
1174,FJI,BGD,0.6931471805599453
1175,FJI,VAT,1.0986122886681098
1176,FJI,AZE,0.6931471805599453
1177,ITA,MYS,0.6931471805599453
1178,ITA,ITA,1.0986122886681098
1179,ITA,NGA,1.3862943611198906
1180,NAM,NAM,0.6931471805599453
1181,OMN,IND,1.0986122886681098
1182,OMN,OMN,2.484906649788001
1183,OMN,NGA,0.6931471805599453
1184,OMN,IRN,0.6931471805599453
1185,OMN,GBR,0.6931471805599453
1186,EGY,CAN,1.0986122886681098
1187,EGY,LBN,1.6094379124341003
1188,EGY,USA,1.9459101490553132
1189,EGY,ISR,1.0986122886681098
1190,EGY,EGY,2.1972245773362196
1191,EGY,BGD,0.6931471805599453
1192,EGY,IND,0.6931471805599453
1193,EGY,SAU,0.6931471805599453
1194,EGY,ZAF,2.302585092994046
1195,EGY,NGA,1.3862943611198906
1196,EGY,MYS,0.6931471805599453
1197,EGY,PAK,1.3862943611198906
1198,EGY,GHA,0.6931471805599453
1199,EGY,MEX,0.6931471805599453
1200,EGY,NPL,0.6931471805599453
1201,EGY,GBR,0.6931471805599453
1202,AUS,AUS,5.139714516024761
1203,AUS,MYS,1.9085311310450228
1204,AUS,IND,2.918177757406592
1205,AUS,SGP,2.603485502981472
1206,AUS,ZAF,2.8381422254386957
1207,AUS,TON,0.6931471805599453
1208,AUS,PNG,0.6931471805599453
1209,AUS,ISR,1.9061547465398494
1210,AUS,VUT,0.6931471805599453
1211,AUS,GBR,3.775146310856463
1212,AUS,CAN,2.386078056910384
1213,AUS,JPN,1.0986122886681098
1214,AUS,LAO,0.6931471805599453
1215,AUS,USA,3.904577756151749
1216,AUS,BGD,0.963457252632055
1217,AUS,NZL,3.640270827301912
1218,AUS,MEX,1.759371553076839
1219,AUS,IRL,1.977502119602598
1220,AUS,SAU,1.6094379124341003
1221,AUS,NRU,0.963457252632055
1222,AUS,WSM,1.0986122886681098
1223,AUS,PHL,1.9595740114915934
1224,AUS,CYP,1.0986122886681098
1225,AUS,NGA,2.352748345522638
1226,AUS,TWN,1.4261797660592692
1227,AUS,OMN,0.6931471805599453
1228,AUS,QAT,0.6931471805599453
1229,AUS,PAK,1.5138049618708675
1230,AUS,VNM,0.6931471805599453
1231,AUS,ARE,0.6931471805599453
1232,AUS,FJI,0.6931471805599453
1233,AUS,JAM,0.6931471805599453
1234,AUS,RUS,1.4261797660592692
1235,AUS,NPL,0.6931471805599453
1236,AUS,SYC,1.0986122886681098
1237,AUS,EGY,0.6931471805599453
1238,AUS,KEN,1.0986122886681098
1239,AUS,IRN,1.3862943611198906
1240,AUS,FRA,0.6931471805599453
1241,AUS,KAZ,0.6931471805599453
1242,AUS,THA,0.6931471805599453
1243,AUS,ARM,0.6931471805599453
1244,AUS,TUR,0.6931471805599453
1245,AUS,GHA,0.6931471805599453
1246,AUS,KOR,0.6931471805599453
1247,AUS,CHN,1.3862943611198906
1248,AUS,BMU,0.6931471805599453
1249,AUS,HKG,0.6931471805599453
1250,AUS,ESP,0.6931471805599453
1251,AUS,NAM,0.6931471805599453
1252,AUS,BHS,0.6931471805599453
1253,AUS,MLT,0.6931471805599453
1254,BEL,NGA,1.791759469228055
1255,BEL,SGP,0.6931471805599453
1256,BEL,PHL,1.0986122886681098
1257,BEL,USA,1.6094379124341003
1258,BEL,GBR,1.3862943611198906
1259,BEL,SAU,1.0986122886681098
1260,BEL,ARM,0.6931471805599453
1261,BEL,MYS,1.3862943611198906
1262,BEL,ZAF,1.0986122886681098
1263,BEL,DEU,0.6931471805599453
1264,BEL,IND,1.0986122886681098
1265,BEL,THA,0.6931471805599453
1266,BEL,IRN,0.6931471805599453
1267,BEL,TWN,1.0986122886681098
1268,BEL,ARE,0.6931471805599453
1269,BEL,MLT,1.0986122886681098
1270,BEL,BEL,2.1972245773362196
1271,BEL,TUR,0.6931471805599453
1272,BEL,GHA,0.6931471805599453
1273,BEL,NLD,0.6931471805599453
1274,BEL,IRL,0.6931471805599453
1275,BEL,CAN,0.6931471805599453
1276,THA,THA,1.0986122886681098
1277,THA,CHN,0.6931471805599453
1278,CUB,CUB,0.6931471805599453
1279,CUB,BHS,0.6931471805599453
1280,CUB,USA,1.0986122886681098
1281,JAM,USA,3.7376696182833684
1282,JAM,BGR,0.6931471805599453
1283,JAM,RUS,1.791759469228055
1284,JAM,NZL,2.6390573296152584
1285,JAM,CAN,1.9459101490553132
1286,JAM,IRL,0.6931471805599453
1287,JAM,GBR,2.995732273553991
1288,JAM,ISR,2.5649493574615367
1289,JAM,SAU,0.6931471805599453
1290,JAM,SGP,1.6094379124341003
1291,JAM,ZAF,2.70805020110221
1292,JAM,AZE,0.6931471805599453
1293,JAM,JAM,2.833213344056216
1294,JAM,VIR,1.3862943611198906
1295,JAM,GUY,0.6931471805599453
1296,JAM,BHS,2.302585092994046
1297,JAM,ESP,1.6094379124341003
1298,JAM,DEU,1.0986122886681098
1299,JAM,DOM,1.6094379124341003
1300,JAM,MEX,1.6094379124341003
1301,JAM,SXM,1.0986122886681098
1302,JAM,NGA,2.5649493574615367
1303,JAM,PHL,1.0986122886681098
1304,JAM,BMU,1.0986122886681098
1305,JAM,IND,3.044522437723423
1306,JAM,HTI,1.791759469228055
1307,JAM,BRB,1.791759469228055
1308,JAM,BLZ,1.0986122886681098
1309,JAM,VCT,1.0986122886681098
1310,JAM,ATG,1.0986122886681098
1311,JAM,TWN,1.0986122886681098
1312,JAM,DMA,1.6094379124341003
1313,JAM,TUR,1.0986122886681098
1314,JAM,AUS,2.1972245773362196
1315,JAM,CYP,1.0986122886681098
1316,JAM,VUT,0.6931471805599453
1317,JAM,CYM,1.6094379124341003
1318,JAM,GHA,0.6931471805599453
1319,JAM,GRD,1.0986122886681098
1320,JAM,KNA,1.9459101490553132
1321,JAM,NRU,0.6931471805599453
1322,JAM,PNG,0.6931471805599453
1323,JAM,TON,0.6931471805599453
1324,JAM,THA,0.6931471805599453
1325,JAM,LCA,0.6931471805599453
1326,JAM,CRI,0.6931471805599453
1327,JAM,TTO,0.6931471805599453
1328,JAM,NPL,0.6931471805599453
1329,JAM,ARE,0.6931471805599453
1330,JAM,LBN,0.6931471805599453
1331,JAM,CUB,0.6931471805599453
1332,JAM,PAK,0.6931471805599453
1333,JAM,TCA,0.6931471805599453
1334,IRQ,ISR,0.6931471805599453
1335,POL,NZL,2.70805020110221
1336,POL,PAK,0.6931471805599453
1337,POL,ISR,1.0986122886681098
1338,POL,RUS,0.6931471805599453
1339,POL,NGA,1.3862943611198906
1340,POL,GBR,1.3862943611198906
1341,POL,AUS,1.0986122886681098
1342,POL,ZAF,1.0986122886681098
1343,POL,USA,2.1972245773362196
1344,POL,IND,1.6094379124341003
1345,POL,IRL,0.6931471805599453
1346,POL,MLT,0.6931471805599453
1347,POL,FJI,0.6931471805599453
1348,POL,CAN,0.6931471805599453
1349,SOM,IRL,0.6931471805599453
1350,SOM,UGA,0.6931471805599453
1351,KAZ,IND,1.3862943611198906
1352,KAZ,MYS,1.0986122886681098
1353,KAZ,KGZ,2.1972245773362196
1354,KAZ,KAZ,1.791759469228055
1355,KAZ,GBR,1.0986122886681098
1356,KAZ,PHL,0.6931471805599453
1357,KAZ,NPL,0.6931471805599453
1358,KAZ,USA,0.6931471805599453
1359,KAZ,MEX,0.6931471805599453
1360,KAZ,BGD,0.6931471805599453
1361,KAZ,QAT,0.6931471805599453
1362,KAZ,AZE,1.3862943611198906
1363,KAZ,PAK,1.3862943611198906
1364,KAZ,TKM,1.3862943611198906
1365,KAZ,TJK,1.0986122886681098
1366,KAZ,ARM,1.0986122886681098
1367,KAZ,TUR,0.6931471805599453
1368,TUV,NZL,2.9444389791664403
1369,TUV,VUT,0.6931471805599453
1370,TUV,AUS,0.6931471805599453
1371,TUV,TON,0.6931471805599453
1372,TUV,WSM,0.6931471805599453
1373,ISR,ISR,3.912023005428146
1374,ISR,USA,1.3862943611198906
1375,ISR,GBR,0.6931471805599453
1376,ISR,CAN,0.6931471805599453
1377,ISR,AUS,1.0986122886681098
